"genome_id","mlst","contigs","genome_name","genome_quality","isolation_country","genome_length","gc_content","host_name","collection_year","isolation_source","host_group","ampicillin","cefotaxime","ceftazidime","ciprofloxacin","gentamicin","meropenem","pip_taz","sxt"
"562.144939","MLST.Escherichia_coli_2.88",274,"Escherichia coli MGL_133","Good","India",5243656,50.726078,"Human, Homo sapiens",NA,NA,NA,"Resistant",NA,NA,"Resistant",NA,NA,NA,"Resistant"
"562.144952","MLST.ecoli_achtman_4.10",281,"Escherichia coli PT_EC0171","Good","Portugal",5312076,50.175243,"Pig, Sus scrofa",2021,"Faeces",NA,"Susceptible","Susceptible",NA,"Susceptible",NA,NA,NA,NA
"562.144964","MLST.ecoli_achtman_4.109",162,"Escherichia coli PT_EC0006","Good","Portugal",4873141,50.922268,"wild boar",2020,"Faeces",NA,NA,NA,"Susceptible","Susceptible",NA,"Susceptible",NA,NA
"562.144979","MLST.ecoli_achtman_4.13",357,"Escherichia coli PT_EC0033","Good","Portugal",5825951,50.34047,"fallow deer",2020,"Faeces",NA,"Susceptible",NA,NA,"Susceptible",NA,"Susceptible",NA,NA
"562.144990","MLST.ecoli_achtman_4.216",183,"Escherichia coli PT_EC0203","Good","Portugal",5110329,50.713448,"Cow, Bos taurus",2015,"Dairy",NA,NA,NA,"Susceptible","Susceptible","Susceptible","Susceptible",NA,NA
"562.144991","MLST.ecoli_achtman_4.69",143,"Escherichia coli PT_EC0220","Good","Portugal",4940511,50.763615,"Cow, Bos taurus",2021,"Meat",NA,"Susceptible",NA,"Susceptible","Susceptible",NA,"Susceptible",NA,NA
"562.145010","MLST.ecoli_achtman_4.10",309,"Escherichia coli PT_EC0168","Good","Portugal",5306379,50.175495,"Pig, Sus scrofa",2021,"Faeces",NA,NA,NA,"Susceptible","Susceptible",NA,"Susceptible",NA,NA
"562.145029","MLST.Escherichia_coli_1.738",379,"Escherichia coli PT_EC0007","Good","Portugal",5571630,50.69615,"fallow deer",2020,"Faeces",NA,"Susceptible","Susceptible",NA,"Susceptible",NA,"Susceptible",NA,NA
"562.145039","MLST.ecoli_achtman_4.642",199,"Escherichia coli PT_EC0130","Good","Portugal",4844001,50.614315,"Cat, Felis catus",2019,"Faeces",NA,"Susceptible",NA,NA,"Susceptible","Susceptible","Susceptible",NA,NA
"562.145054","MLST.ecoli_achtman_4.442",301,"Escherichia coli PT_EC0035","Good","Portugal",5578477,50.698227,"fallow deer",2020,"Faeces",NA,NA,NA,"Susceptible","Susceptible",NA,"Susceptible",NA,NA
"562.145055","MLST.ecoli_achtman_4.40",204,"Escherichia coli PT_EC0156","Good","Portugal",4814653,50.766068,"Cat, Felis catus",2020,"Faeces",NA,NA,"Susceptible","Susceptible","Susceptible",NA,NA,NA,NA
"562.145066","MLST.ecoli_achtman_4.123",351,"Escherichia coli PT_EC0068","Good","Portugal",5153604,50.494274,"hedgehog",2020,"Faeces",NA,NA,"Susceptible","Susceptible","Susceptible",NA,"Susceptible",NA,NA
"562.145073","MLST.ecoli_achtman_4.442",307,"Escherichia coli PT_EC0003","Good","Portugal",5499050,50.73738,"fallow deer",2020,"Faeces",NA,"Susceptible",NA,NA,"Susceptible","Susceptible","Susceptible",NA,NA
"562.145080","MLST.ecoli_achtman_4.11",281,"Escherichia coli PT_EC0202","Good","Portugal",5190487,50.55206,"Pig, Sus scrofas",2012,"Meat",NA,"Susceptible",NA,NA,"Susceptible","Susceptible","Susceptible",NA,NA
"562.145389","MLST.ecoli_achtman_4.155",110,"Escherichia coli AGA06_2466","Good","Canada",5014951,50.80317,"Chicken, Gallus gallus",2006,NA,NA,"Resistant",NA,NA,"Susceptible","Resistant",NA,NA,"Susceptible"
"562.145394","MLST.ecoli_achtman_4.155",114,"Escherichia coli AGA06_2478","Good","Canada",4977937,50.784252,"Chicken, Gallus gallus",2006,NA,NA,"Resistant",NA,NA,"Susceptible",NA,NA,NA,"Susceptible"
"562.145397","MLST.ecoli_achtman_4.155",99,"Escherichia coli AGA06_2488","Good","Canada",5048393,50.79333,"Chicken, Gallus gallus",2006,NA,NA,NA,NA,NA,"Susceptible","Resistant",NA,NA,"Susceptible"
"562.145406","MLST.ecoli_achtman_4.155",103,"Escherichia coli AGA06_2513","Good","Canada",5102743,50.753998,"Chicken, Gallus gallus",2006,NA,NA,"Resistant",NA,NA,"Susceptible",NA,NA,NA,"Susceptible"
"562.145409","MLST.ecoli_achtman_4.101",104,"Escherichia coli AGA06_2519","Good","Canada",4965436,50.65247,"Chicken, Gallus gallus",2006,NA,NA,"Resistant",NA,NA,"Susceptible",NA,NA,NA,"Susceptible"
"562.145415","MLST.ecoli_achtman_4.155",101,"Escherichia coli AGA06_2523","Good","Canada",5015242,50.77986,"Chicken, Gallus gallus",2006,NA,NA,"Resistant",NA,NA,"Susceptible","Resistant",NA,NA,NA
"562.145419","MLST.ecoli_achtman_4.38",212,"Escherichia coli AGA06_2533","Good","Canada",5373947,50.590973,"Chicken, Gallus gallus",2006,NA,NA,NA,NA,NA,"Susceptible","Susceptible",NA,NA,"Susceptible"
"562.145432","MLST.ecoli_achtman_4.362",114,"Escherichia coli AGA06_2564","Good","Canada",4919528,50.62372,"Chicken, Gallus gallus",2006,NA,NA,"Susceptible",NA,NA,"Susceptible",NA,NA,NA,"Susceptible"
"562.145433","MLST.ecoli_achtman_4.117",163,"Escherichia coli AGA06_2563","Good","Canada",5209574,50.801888,"Chicken, Gallus gallus",2006,NA,NA,NA,NA,NA,"Susceptible","Resistant",NA,NA,"Susceptible"
"562.145434","MLST.ecoli_achtman_4.117",275,"Escherichia coli D06_2195 Barn 3","Good","Canada",5166356,50.82952,"Chicken, Gallus gallus",2006,NA,NA,"Susceptible",NA,NA,"Susceptible",NA,NA,NA,"Resistant"
"562.145437","MLST.ecoli_achtman_4.117",372,"Escherichia coli D06_2195 Barn 4","Good","Canada",5085384,50.88483,"Chicken, Gallus gallus",2006,NA,NA,NA,NA,NA,"Susceptible","Susceptible",NA,NA,"Susceptible"
"562.145812","MLST.ecoli_achtman_4.117",134,"Escherichia coli MSHS 1014A","Good","Canada",4990937,50.754276,"Human, Homo sapiens",2007,NA,NA,"Susceptible",NA,NA,"Susceptible",NA,NA,NA,"Susceptible"
"562.145822","MLST.ecoli_achtman_4.69",146,"Escherichia coli UTI PI 500","Good","Canada",5294033,50.643223,"Human, Homo sapiens",2000,NA,NA,NA,NA,NA,"Susceptible","Susceptible",NA,NA,"Resistant"
"562.16325","MLST.ecoli_achtman_4.1408",3,"Escherichia coli strain AR_0061","Good",NA,4734219,50.79,NA,NA,NA,NA,"Resistant",NA,NA,"Susceptible","Resistant",NA,"Resistant","Resistant"
"562.16466","MLST.ecoli_achtman_4.617",3,"Escherichia coli strain 5CRE51","Good","Taiwan",5256426,50.62,"Human, Homo sapiens",2016,"urine","Human","Resistant",NA,NA,"Resistant","Resistant",NA,"Resistant",NA
"562.22438","MLST.ecoli_achtman_4.127",94,"Escherichia coli O6:H31 strain ECO0012","Good","United Kingdom",4929923,50.41,"Human, Homo sapiens",2007,NA,"Human",NA,NA,"Susceptible","Susceptible","Susceptible",NA,"Susceptible",NA
"562.22462","MLST.ecoli_achtman_4.23",72,"Escherichia coli O78:H9 strain ECO0035","Good","United Kingdom",4782754,50.6,"Human, Homo sapiens",2007,NA,"Human","Resistant",NA,"Susceptible","Susceptible","Susceptible",NA,"Susceptible",NA
"562.22469","MLST.ecoli_achtman_4.73",121,"Escherichia coli O6:H1 strain ECO0044","Good","United Kingdom",5029844,50.52,"Human, Homo sapiens",2007,NA,"Human","Resistant",NA,NA,"Intermediate",NA,NA,"Susceptible",NA
"562.22471","MLST.ecoli_achtman_4.69",176,"Escherichia coli O17:H18 strain ECO0043","Good","United Kingdom",5362352,50.5,"Human, Homo sapiens",2007,NA,"Human",NA,"Susceptible","Susceptible","Resistant",NA,"Susceptible",NA,NA
"562.22477","MLST.ecoli_achtman_4.2015",62,"Escherichia coli O2:H14 strain ECO0050","Good","United Kingdom",4976263,50.54,"Human, Homo sapiens",2007,NA,"Human","Susceptible",NA,"Susceptible","Susceptible",NA,NA,"Susceptible",NA
"562.22507","MLST.ecoli_achtman_4.405",156,"Escherichia coli O2:H4 strain ECO0080","Good","United Kingdom",5273742,50.52,"Human, Homo sapiens",2008,NA,"Human",NA,NA,"Susceptible","Susceptible",NA,NA,"Susceptible",NA
"562.22539","MLST.ecoli_achtman_4.131",111,"Escherichia coli O25:H4 strain ECO0114","Good","United Kingdom",5114009,50.81,"Human, Homo sapiens",2009,NA,"Human","Resistant","Susceptible",NA,"Resistant",NA,NA,"Susceptible",NA
"562.22592","MLST.ecoli_achtman_4.73",91,"Escherichia coli O6:H1 strain ECO0168","Good","United Kingdom",5002519,50.52,"Human, Homo sapiens",2009,NA,"Human",NA,NA,"Susceptible","Susceptible",NA,NA,"Resistant",NA
"562.22593","MLST.ecoli_achtman_4.80",123,"Escherichia coli O2:H7 strain ECO0169","Good","United Kingdom",5153842,50.24,"Human, Homo sapiens",2009,NA,"Human","Resistant","Susceptible",NA,"Susceptible","Susceptible",NA,NA,NA
"562.100006","MLST.ecoli_achtman_4.127",97,"Escherichia coli 87cd86fa-7bb8-11e9-a8d3-68b59976a384","Good","Norway",5054133,50.439335,NA,2015,NA,NA,"Resistant","Susceptible","Susceptible","Susceptible","Susceptible","Susceptible",NA,"Susceptible"
"562.100010","MLST.ecoli_achtman_4.127",65,"Escherichia coli 8968ec34-7bb8-11e9-a8d3-68b59976a384","Good","Norway",4995207,50.48922,NA,2015,NA,NA,"Susceptible",NA,NA,"Susceptible","Susceptible","Susceptible","Susceptible",NA
"562.100012","MLST.ecoli_achtman_4.73",113,"Escherichia coli 898385e4-7bb8-11e9-a8d3-68b59976a384","Good","Norway",5113199,50.418945,NA,2015,NA,NA,NA,NA,"Susceptible","Susceptible","Susceptible",NA,NA,"Susceptible"
"562.100015","MLST.ecoli_achtman_4.73",206,"Escherichia coli 8a579262-7bb8-11e9-a8d3-68b59976a384","Good","Norway",5229446,50.531128,NA,2015,NA,NA,"Resistant","Susceptible",NA,"Susceptible","Susceptible","Susceptible",NA,"Resistant"
"562.100036","MLST.ecoli_achtman_4.390",91,"Escherichia coli 3dd3d5d0-7bb9-11e9-a8d3-68b59976a384","Good","Norway",5075568,50.698463,NA,2015,NA,NA,NA,NA,"Susceptible","Susceptible",NA,"Susceptible",NA,"Susceptible"
"562.100041","MLST.ecoli_achtman_4.127",100,"Escherichia coli 3e6b74d0-7bb9-11e9-a8d3-68b59976a384","Good","Norway",5150302,50.496147,NA,2015,NA,NA,"Susceptible",NA,"Susceptible","Susceptible","Susceptible","Susceptible","Susceptible","Susceptible"
"562.100059","MLST.ecoli_achtman_4.69",138,"Escherichia coli 2365f25a-7bb9-11e9-a8d3-68b59976a384","Good","Norway",5388874,50.69896,NA,2015,NA,NA,NA,NA,"Susceptible","Susceptible",NA,"Susceptible",NA,NA
"562.100069","MLST.ecoli_achtman_4.2531",170,"Escherichia coli 24f42330-7bb9-11e9-a8d3-68b59976a384","Good","Norway",4895314,50.755764,NA,2015,NA,NA,NA,"Susceptible",NA,"Susceptible",NA,"Susceptible","Susceptible","Susceptible"
"562.100074","MLST.ecoli_achtman_4.14",166,"Escherichia coli 1c1279b0-7bb9-11e9-a8d3-68b59976a384","Good","Norway",5328499,50.394905,NA,2015,NA,NA,"Resistant",NA,NA,"Intermediate","Susceptible",NA,"Susceptible","Susceptible"
"562.100083","MLST.ecoli_achtman_4.617",143,"Escherichia coli 278ef6f6-7bb9-11e9-a8d3-68b59976a384","Good","Norway",5019302,50.565475,NA,2015,NA,NA,NA,"Susceptible","Susceptible","Resistant","Susceptible","Susceptible",NA,NA
"562.100090","MLST.ecoli_achtman_4.10269",82,"Escherichia coli 1fd4e8d0-7bb9-11e9-a8d3-68b59976a384","Good","Norway",5361142,50.450314,NA,2015,NA,NA,NA,"Susceptible",NA,"Susceptible",NA,NA,"Susceptible","Susceptible"
"562.100093","MLST.ecoli_achtman_4.95",82,"Escherichia coli 907bf994-7bb8-11e9-a8d3-68b59976a384","Good","Norway",5101331,50.612183,NA,2015,NA,NA,NA,"Susceptible",NA,"Susceptible","Susceptible","Susceptible",NA,NA
"562.100097","MLST.ecoli_achtman_4.95",67,"Escherichia coli 7ea2dfde-7bb9-11e9-a8d3-68b59976a384","Good","Norway",5061309,50.549908,NA,2015,NA,NA,"Susceptible","Susceptible",NA,"Susceptible","Susceptible",NA,NA,"Susceptible"
"562.100100","MLST.ecoli_achtman_4.73",158,"Escherichia coli 9580dafe-7bb8-11e9-a8d3-68b59976a384","Good","Norway",5266568,50.384388,NA,2015,NA,NA,NA,"Susceptible",NA,"Susceptible",NA,"Susceptible","Susceptible",NA
"562.100109","MLST.ecoli_achtman_4.155",107,"Escherichia coli ffbf3262-7bb8-11e9-a8d3-68b59976a384","Good","Norway",4884231,50.750324,NA,2015,NA,NA,"Resistant",NA,"Susceptible","Susceptible",NA,"Susceptible",NA,NA
"562.100118","MLST.ecoli_achtman_4.746",141,"Escherichia coli ec44ca44-7bb8-11e9-a8d3-68b59976a384","Good","Norway",4599387,50.785877,NA,2015,NA,NA,NA,NA,NA,"Susceptible",NA,"Susceptible","Susceptible",NA
"562.100121","MLST.ecoli_achtman_4.131",117,"Escherichia coli fd3bfa2a-7bb8-11e9-a8d3-68b59976a384","Good","Norway",5111345,50.702095,NA,2015,NA,NA,NA,NA,NA,"Resistant",NA,"Susceptible","Susceptible","Susceptible"
"562.100127","MLST.ecoli_achtman_4.135",37,"Escherichia coli ed013f94-7bb8-11e9-a8d3-68b59976a384","Good","Norway",4735625,50.622906,NA,2015,NA,NA,NA,NA,NA,"Susceptible",NA,"Susceptible","Susceptible","Susceptible"
"562.100133","MLST.ecoli_achtman_4.127",72,"Escherichia coli ee6794b4-7bb8-11e9-a8d3-68b59976a384","Good","Norway",4964761,50.544186,NA,2015,NA,NA,NA,"Susceptible",NA,"Susceptible",NA,"Susceptible",NA,"Susceptible"
"562.100138","MLST.ecoli_achtman_4.58",149,"Escherichia coli ef3f08fe-7bb8-11e9-a8d3-68b59976a384","Good","Norway",4966167,50.864964,NA,2015,NA,NA,"Resistant",NA,NA,"Susceptible",NA,NA,NA,"Resistant"
"562.100143","MLST.ecoli_achtman_4.5705",91,"Escherichia coli 03fe84d6-7bb9-11e9-a8d3-68b59976a384","Good","Norway",5145084,50.67173,NA,2015,NA,NA,"Resistant","Susceptible",NA,"Resistant",NA,"Susceptible",NA,"Resistant"
"562.100156","MLST.ecoli_achtman_4.201",90,"Escherichia coli fb98a178-7bb8-11e9-a8d3-68b59976a384","Good","Norway",4886382,50.7595,NA,2015,NA,NA,"Susceptible","Susceptible",NA,"Susceptible",NA,NA,NA,"Susceptible"
"562.100157","MLST.ecoli_achtman_4.95",86,"Escherichia coli fb7f213a-7bb8-11e9-a8d3-68b59976a384","Good","Norway",5084373,50.51683,NA,2015,NA,NA,NA,"Susceptible",NA,"Susceptible","Susceptible","Susceptible","Susceptible","Resistant"
"562.100162","MLST.ecoli_achtman_4.73",153,"Escherichia coli e90d1246-7bb8-11e9-a8d3-68b59976a384","Good","Norway",5175428,50.389107,NA,2015,NA,NA,NA,NA,NA,"Susceptible",NA,"Susceptible","Susceptible","Susceptible"
"562.100179","MLST.ecoli_achtman_4.69",167,"Escherichia coli b245e426-7bb9-11e9-a8d3-68b59976a384","Good","Norway",5238806,50.740456,NA,2015,NA,NA,"Resistant","Susceptible",NA,"Susceptible","Susceptible",NA,NA,"Resistant"
"562.100186","MLST.ecoli_achtman_4.131",56,"Escherichia coli b4f8db92-7bb9-11e9-a8d3-68b59976a384","Good","Norway",5091101,50.676662,NA,2015,NA,NA,NA,"Susceptible","Susceptible","Susceptible",NA,"Susceptible",NA,NA
"562.100189","MLST.ecoli_achtman_4.8915",192,"Escherichia coli b62e4682-7bb9-11e9-a8d3-68b59976a384","Good","Norway",5259700,50.3646,NA,2015,NA,NA,"Resistant","Susceptible","Susceptible","Susceptible","Susceptible",NA,NA,"Resistant"
"562.100198","MLST.ecoli_achtman_4.10278",160,"Escherichia coli b159355e-7bb9-11e9-a8d3-68b59976a384","Good","Norway",5195761,50.41273,NA,2015,NA,NA,NA,"Susceptible","Susceptible","Susceptible","Susceptible","Susceptible","Susceptible","Susceptible"
"562.100233","MLST.ecoli_achtman_4.10243",204,"Escherichia coli df1bc146-7bb9-11e9-a8d3-68b59976a384","Good","Norway",5073927,50.766262,NA,2015,NA,NA,"Resistant","Susceptible","Susceptible","Susceptible",NA,"Susceptible","Intermediate","Resistant"
"562.100237","MLST.ecoli_achtman_4.95",131,"Escherichia coli 2b9c37f4-7bb9-11e9-a8d3-68b59976a384","Good","Norway",5300617,50.647575,NA,2015,NA,NA,"Resistant",NA,NA,"Susceptible","Susceptible",NA,NA,"Susceptible"
"562.100248","MLST.ecoli_achtman_4.95",93,"Escherichia coli 284a9e2e-7bb9-11e9-a8d3-68b59976a384","Good","Norway",5123154,50.483414,NA,2015,NA,NA,"Susceptible","Susceptible",NA,"Susceptible","Susceptible","Susceptible","Susceptible","Susceptible"
"562.100256","MLST.ecoli_achtman_4.12",135,"Escherichia coli 2928ee04-7bb9-11e9-a8d3-68b59976a384","Good","Norway",5212044,50.444508,NA,2015,NA,NA,"Resistant","Susceptible",NA,"Susceptible",NA,NA,NA,NA
"562.100271","MLST.ecoli_achtman_4.95",67,"Escherichia coli 78ad8e9e-7bb9-11e9-a8d3-68b59976a384","Good","Norway",5100684,50.55567,NA,2015,NA,NA,"Susceptible",NA,NA,"Susceptible",NA,"Susceptible","Susceptible","Susceptible"
"562.100279","MLST.ecoli_achtman_4.95",72,"Escherichia coli 5c837814-7bb9-11e9-a8d3-68b59976a384","Good","Norway",5057425,50.55636,NA,2015,NA,NA,"Susceptible","Susceptible","Susceptible","Susceptible",NA,"Susceptible",NA,"Susceptible"
"562.100287","MLST.ecoli_achtman_4.12",100,"Escherichia coli c454675a-7bb9-11e9-a8d3-68b59976a384","Good","Norway",5149915,50.574078,NA,2015,NA,NA,NA,NA,NA,"Susceptible",NA,"Susceptible",NA,"Susceptible"
"562.100301","MLST.ecoli_achtman_4.131",113,"Escherichia coli cacdeea8-7bb9-11e9-a8d3-68b59976a384","Good","Norway",5111289,50.804443,NA,2015,NA,NA,NA,"Susceptible",NA,"Susceptible","Susceptible",NA,"Susceptible","Susceptible"
"562.100306","MLST.ecoli_achtman_4.141",77,"Escherichia coli c14b1cde-7bb9-11e9-a8d3-68b59976a384","Good","Norway",5058877,50.534832,NA,2015,NA,NA,"Resistant",NA,"Susceptible","Susceptible",NA,NA,"Susceptible","Susceptible"
"562.100309","MLST.ecoli_achtman_4.58",80,"Escherichia coli c8ed9b2a-7bb8-11e9-a8d3-68b59976a384","Good","Norway",4831054,50.860413,NA,2016,NA,NA,NA,"Susceptible",NA,"Susceptible","Susceptible","Susceptible","Susceptible","Susceptible"
"562.100323","MLST.ecoli_achtman_4.69",128,"Escherichia coli 0a2a4642-7bb9-11e9-a8d3-68b59976a384","Good","Norway",5122611,50.62057,NA,2016,NA,NA,NA,NA,NA,"Susceptible",NA,"Susceptible","Susceptible",NA
"562.100367","MLST.ecoli_achtman_4.95",64,"Escherichia coli 27a90794-7bb9-11e9-a8d3-68b59976a384","Good","Norway",5174859,50.627758,NA,2016,NA,NA,NA,NA,NA,"Susceptible",NA,NA,"Susceptible","Susceptible"
"562.100368","MLST.ecoli_achtman_4.73",141,"Escherichia coli 1e3ec7ac-7bb9-11e9-a8d3-68b59976a384","Good","Norway",5190190,50.570057,NA,2016,NA,NA,"Susceptible",NA,NA,"Susceptible","Susceptible",NA,NA,"Susceptible"
"562.100396","MLST.ecoli_achtman_4.131",76,"Escherichia coli 96a59e10-7bb8-11e9-a8d3-68b59976a384","Good","Norway",5059608,50.635345,NA,2016,NA,NA,NA,NA,"Susceptible","Intermediate",NA,"Susceptible","Susceptible","Susceptible"
"562.100398","MLST.ecoli_achtman_4.73",108,"Escherichia coli 9754ba08-7bb8-11e9-a8d3-68b59976a384","Good","Norway",5063739,50.534676,NA,2016,NA,NA,NA,NA,"Susceptible","Susceptible",NA,NA,NA,"Susceptible"
"562.100413","MLST.ecoli_achtman_4.95",80,"Escherichia coli 7d2cd880-7bb9-11e9-a8d3-68b59976a384","Good","Norway",5186706,50.559914,NA,2016,NA,NA,NA,"Susceptible",NA,"Susceptible",NA,NA,"Susceptible",NA
"562.100415","MLST.ecoli_achtman_4.73",138,"Escherichia coli 932743f6-7bb8-11e9-a8d3-68b59976a384","Good","Norway",5150149,50.41355,NA,2016,NA,NA,NA,"Susceptible",NA,"Susceptible",NA,NA,"Susceptible","Susceptible"
"562.100448","MLST.ecoli_achtman_4.83",54,"Escherichia coli eed802bc-7bb8-11e9-a8d3-68b59976a384","Good","Norway",5118961,50.44166,NA,2016,NA,NA,"Susceptible",NA,NA,"Susceptible","Susceptible","Susceptible",NA,"Susceptible"
"562.100450","MLST.ecoli_achtman_4.73",116,"Escherichia coli ef8c5db6-7bb8-11e9-a8d3-68b59976a384","Good","Norway",5139668,50.478203,NA,2016,NA,NA,"Resistant","Susceptible","Susceptible","Susceptible","Susceptible",NA,"Susceptible",NA
"562.100462","MLST.ecoli_achtman_4.409",125,"Escherichia coli 05cb4b50-7bb9-11e9-a8d3-68b59976a384","Good","Norway",4785466,50.90963,NA,2016,NA,NA,NA,NA,"Susceptible","Susceptible","Susceptible",NA,"Susceptible",NA
"562.100476","MLST.ecoli_achtman_4.95",108,"Escherichia coli 06ecf1b4-7bb9-11e9-a8d3-68b59976a384","Good","Norway",5134795,50.53855,NA,2016,NA,NA,"Resistant","Susceptible",NA,"Resistant",NA,NA,NA,"Resistant"
"562.100477","MLST.ecoli_achtman_4.95",128,"Escherichia coli f242e138-7bb8-11e9-a8d3-68b59976a384","Good","Norway",5224467,50.63211,NA,2016,NA,NA,NA,NA,NA,"Susceptible","Susceptible","Susceptible","Susceptible","Susceptible"
"562.100478","MLST.ecoli_achtman_4.10",177,"Escherichia coli e9eb5542-7bb8-11e9-a8d3-68b59976a384","Good","Norway",4970104,50.670307,NA,2016,NA,NA,NA,"Susceptible","Susceptible","Susceptible",NA,"Susceptible","Susceptible","Resistant"
"562.100493","MLST.ecoli_achtman_4.2673",64,"Escherichia coli b76a302e-7bb9-11e9-a8d3-68b59976a384","Good","Norway",4927498,50.5489,NA,2016,NA,NA,"Susceptible",NA,NA,"Susceptible",NA,"Susceptible",NA,"Susceptible"
"562.100496","MLST.ecoli_achtman_4.73",168,"Escherichia coli b8b50e22-7bb9-11e9-a8d3-68b59976a384","Good","Norway",5163234,50.395798,NA,2016,NA,NA,"Susceptible",NA,NA,"Susceptible",NA,NA,NA,"Susceptible"
"562.100503","MLST.ecoli_achtman_4.117",147,"Escherichia coli baa5c834-7bb9-11e9-a8d3-68b59976a384","Good","Norway",5017029,50.56688,NA,2016,NA,NA,"Susceptible","Susceptible",NA,"Susceptible",NA,"Susceptible",NA,NA
"562.100515","MLST.ecoli_achtman_4.69",97,"Escherichia coli e0fc1fd8-7bb9-11e9-a8d3-68b59976a384","Good","Norway",4957135,50.65283,NA,2016,NA,NA,NA,NA,"Susceptible","Susceptible",NA,"Susceptible","Susceptible",NA
"562.100516","MLST.ecoli_achtman_4.362",147,"Escherichia coli d544b948-7bb9-11e9-a8d3-68b59976a384","Good","Norway",5152607,50.38195,NA,2016,NA,NA,"Susceptible",NA,"Susceptible","Susceptible","Susceptible","Susceptible",NA,NA
"562.100522","MLST.ecoli_achtman_4.10414",120,"Escherichia coli cb2d4a9c-7bb9-11e9-a8d3-68b59976a384","Good","Norway",5156262,50.391464,NA,2016,NA,NA,NA,"Susceptible",NA,"Susceptible",NA,"Susceptible","Susceptible",NA
"562.100540","MLST.ecoli_achtman_4.224",95,"Escherichia coli cc91f496-7bb9-11e9-a8d3-68b59976a384","Good","Norway",4974830,50.968456,NA,2016,NA,NA,NA,"Susceptible","Susceptible","Resistant",NA,NA,NA,"Resistant"
"562.100557","MLST.ecoli_achtman_4.126",57,"Escherichia coli e5cff552-7bb9-11e9-a8d3-68b59976a384","Good","Norway",5009402,50.437935,NA,2016,NA,NA,"Susceptible",NA,NA,"Susceptible","Susceptible",NA,NA,"Susceptible"
"562.100589","MLST.ecoli_achtman_4.504",209,"Escherichia coli 5f6bce82-7bb9-11e9-a8d3-68b59976a384","Good","Norway",5165818,50.55277,NA,2016,NA,NA,NA,NA,"Susceptible","Susceptible","Susceptible","Susceptible","Susceptible","Susceptible"
"562.100593","MLST.ecoli_achtman_4.1441",77,"Escherichia coli 77ec5044-7bb9-11e9-a8d3-68b59976a384","Good","Norway",4946814,50.506668,NA,2016,NA,NA,NA,NA,"Susceptible","Susceptible","Susceptible","Susceptible","Susceptible","Susceptible"
"562.100598","MLST.ecoli_achtman_4.127",61,"Escherichia coli 5bfc76b6-7bb9-11e9-a8d3-68b59976a384","Good","Norway",4933734,50.52046,NA,2016,NA,NA,"Susceptible","Susceptible",NA,"Susceptible","Susceptible","Susceptible",NA,NA
"562.100606","MLST.ecoli_achtman_4.95",106,"Escherichia coli c3d1f90a-7bb9-11e9-a8d3-68b59976a384","Good","Norway",5145107,50.491623,NA,2016,NA,NA,"Susceptible",NA,"Susceptible","Susceptible","Susceptible",NA,NA,"Susceptible"
"562.100610","MLST.ecoli_achtman_4.10409",122,"Escherichia coli c8f85de8-7bb9-11e9-a8d3-68b59976a384","Good","Norway",5280400,50.381393,NA,2016,NA,NA,NA,NA,NA,"Susceptible","Susceptible",NA,NA,"Susceptible"
"562.100618","MLST.ecoli_achtman_4.362",69,"Escherichia coli c5b03b8e-7bb8-11e9-a8d3-68b59976a384","Good","Norway",5033686,50.615017,NA,2017,NA,NA,"Resistant","Susceptible","Susceptible","Susceptible","Susceptible",NA,"Susceptible","Resistant"
"562.100631","MLST.ecoli_achtman_4.131",39,"Escherichia coli 421271ec-7bb9-11e9-a8d3-68b59976a384","Good","Norway",5028747,50.609467,NA,2017,NA,NA,"Susceptible","Susceptible",NA,"Susceptible","Susceptible",NA,"Susceptible","Susceptible"
"562.100636","MLST.Escherichia_coli_1.14,MLST.Escherichia_coli_2.6",111,"Escherichia coli 42ebcda2-7bb9-11e9-a8d3-68b59976a384","Good","Norway",5024868,50.511196,NA,2017,NA,NA,"Susceptible",NA,NA,"Susceptible","Susceptible",NA,"Susceptible","Susceptible"
"562.100641","MLST.ecoli_achtman_4.73",132,"Escherichia coli 1bd0f184-7bb9-11e9-a8d3-68b59976a384","Good","Norway",5113704,50.413067,NA,2017,NA,NA,NA,"Susceptible","Susceptible","Susceptible",NA,"Susceptible","Susceptible","Susceptible"
"562.100655","MLST.ecoli_achtman_4.69",120,"Escherichia coli 9390eaea-7bb8-11e9-a8d3-68b59976a384","Good","Norway",5153417,50.753586,NA,2017,NA,NA,NA,"Susceptible","Susceptible","Susceptible","Susceptible","Susceptible",NA,NA
"562.100661","MLST.ecoli_achtman_4.69",160,"Escherichia coli 7edee510-7bb9-11e9-a8d3-68b59976a384","Good","Norway",5162864,50.64042,NA,2017,NA,NA,"Resistant","Susceptible",NA,"Intermediate","Susceptible","Susceptible","Susceptible",NA
"562.100663","MLST.ecoli_achtman_4.88",95,"Escherichia coli 943a6584-7bb8-11e9-a8d3-68b59976a384","Good","Norway",5063671,50.63135,NA,2017,NA,NA,NA,"Susceptible",NA,"Susceptible","Susceptible",NA,"Susceptible","Susceptible"
"562.100667","MLST.ecoli_achtman_4.73",178,"Escherichia coli 950c48f6-7bb8-11e9-a8d3-68b59976a384","Good","Norway",5326372,50.31971,NA,2017,NA,NA,NA,NA,"Susceptible","Susceptible",NA,"Susceptible","Susceptible","Susceptible"
"562.100673","MLST.ecoli_achtman_4.537",81,"Escherichia coli a02cad0c-7bb8-11e9-a8d3-68b59976a384","Good","Norway",5018518,50.388462,NA,2017,NA,NA,"Susceptible","Susceptible","Susceptible","Susceptible",NA,"Susceptible","Susceptible","Susceptible"
"562.100685","MLST.ecoli_achtman_4.141",97,"Escherichia coli 9604128e-7bb8-11e9-a8d3-68b59976a384","Good","Norway",5006806,50.55149,NA,2017,NA,NA,NA,NA,NA,"Susceptible",NA,NA,"Susceptible","Susceptible"
"562.100725","MLST.ecoli_achtman_4.12",68,"Escherichia coli a410dc40-7bb8-11e9-a8d3-68b59976a384","Good","Norway",4970507,50.585804,NA,2017,NA,NA,NA,NA,"Susceptible","Susceptible",NA,NA,NA,"Susceptible"
"562.100730","MLST.ecoli_achtman_4.12",86,"Escherichia coli a45c18a4-7bb8-11e9-a8d3-68b59976a384","Good","Norway",5171104,50.48595,NA,2017,NA,NA,"Susceptible",NA,"Susceptible","Susceptible","Susceptible",NA,NA,"Susceptible"
"562.100770","MLST.ecoli_achtman_4.73",107,"Escherichia coli 9e17cbdc-7bb8-11e9-a8d3-68b59976a384","Good","Norway",5217549,50.48637,NA,2017,NA,NA,"Resistant","Susceptible",NA,"Susceptible","Susceptible","Susceptible","Susceptible","Susceptible"
"562.100779","MLST.ecoli_achtman_4.73",189,"Escherichia coli f6d70c38-7bb8-11e9-a8d3-68b59976a384","Good","Norway",5351029,50.32636,NA,2017,NA,NA,NA,"Susceptible","Susceptible","Susceptible",NA,"Susceptible","Susceptible","Resistant"
"562.100781","MLST.ecoli_achtman_4.127",98,"Escherichia coli 014e50d6-7bb9-11e9-a8d3-68b59976a384","Good","Norway",5138127,50.488068,NA,2017,NA,NA,NA,NA,"Susceptible","Susceptible",NA,NA,"Susceptible","Susceptible"
"562.100796","MLST.ecoli_achtman_4.73",87,"Escherichia coli f890d900-7bb8-11e9-a8d3-68b59976a384","Good","Norway",5045398,50.551987,NA,2017,NA,NA,NA,NA,NA,"Susceptible","Susceptible","Susceptible","Susceptible",NA
"562.100797","MLST.ecoli_achtman_4.372",88,"Escherichia coli 0306a6ee-7bb9-11e9-a8d3-68b59976a384","Good","Norway",5166669,50.407642,NA,2017,NA,NA,"Susceptible",NA,NA,"Susceptible",NA,NA,NA,"Susceptible"
"562.100807","MLST.ecoli_achtman_4.357",49,"Escherichia coli 046c7b9e-7bb9-11e9-a8d3-68b59976a384","Good","Norway",4931443,50.451298,NA,2017,NA,NA,NA,NA,NA,"Susceptible",NA,NA,"Susceptible","Susceptible"
"562.100812","MLST.ecoli_achtman_4.919",75,"Escherichia coli fdc4c314-7bb8-11e9-a8d3-68b59976a384","Good","Norway",4946506,50.68135,NA,2017,NA,NA,"Susceptible",NA,"Susceptible","Susceptible","Susceptible",NA,"Susceptible",NA
"562.100813","MLST.ecoli_achtman_4.12",94,"Escherichia coli fae7431a-7bb8-11e9-a8d3-68b59976a384","Good","Norway",4964661,50.457,NA,2017,NA,NA,NA,"Susceptible","Susceptible","Susceptible","Susceptible",NA,NA,"Susceptible"
"562.100818","MLST.ecoli_achtman_4.394",151,"Escherichia coli 05872aba-7bb9-11e9-a8d3-68b59976a384","Good","Norway",5265775,50.521187,NA,2017,NA,NA,NA,"Susceptible","Susceptible","Susceptible",NA,NA,NA,NA
"562.100822","MLST.ecoli_achtman_4.131",87,"Escherichia coli fddf14b2-7bb8-11e9-a8d3-68b59976a384","Good","Norway",4957958,50.656925,NA,2017,NA,NA,NA,NA,"Susceptible","Susceptible",NA,NA,"Susceptible",NA
"562.100831","MLST.ecoli_achtman_4.69",163,"Escherichia coli f27b7f7a-7bb8-11e9-a8d3-68b59976a384","Good","Norway",5353436,50.651657,NA,2017,NA,NA,NA,NA,"Susceptible","Intermediate",NA,"Susceptible","Susceptible","Resistant"
"562.100832","MLST.ecoli_achtman_4.73",144,"Escherichia coli f4502d46-7bb8-11e9-a8d3-68b59976a384","Good","Norway",5072993,50.39528,NA,2017,NA,NA,NA,NA,NA,"Susceptible",NA,"Susceptible",NA,"Susceptible"
"562.100834","MLST.ecoli_achtman_4.131",53,"Escherichia coli feb3bea6-7bb8-11e9-a8d3-68b59976a384","Good","Norway",5010226,50.599136,NA,2017,NA,NA,NA,"Susceptible",NA,"Susceptible",NA,"Susceptible","Susceptible","Susceptible"
"562.100837","MLST.ecoli_achtman_4.405",162,"Escherichia coli f515939c-7bb8-11e9-a8d3-68b59976a384","Good","Norway",5111094,50.599655,NA,2017,NA,NA,"Resistant","Susceptible",NA,"Resistant","Susceptible","Susceptible",NA,NA
"562.100854","MLST.ecoli_achtman_4.95",55,"Escherichia coli d3c9b5d2-7bb9-11e9-a8d3-68b59976a384","Good","Norway",5065936,50.519432,NA,2017,NA,NA,NA,"Susceptible",NA,"Susceptible",NA,"Susceptible","Susceptible",NA
"562.100856","MLST.ecoli_achtman_4.3520",60,"Escherichia coli bdaaaa72-7bb9-11e9-a8d3-68b59976a384","Good","Norway",4686434,50.869957,NA,2017,NA,NA,"Susceptible",NA,NA,"Resistant",NA,"Susceptible","Susceptible","Susceptible"
"562.100858","MLST.ecoli_achtman_4.2211",111,"Escherichia coli d5828b38-7bb9-11e9-a8d3-68b59976a384","Good","Norway",4722232,50.745327,NA,2017,NA,NA,"Susceptible","Susceptible","Susceptible","Susceptible","Susceptible","Susceptible","Susceptible","Susceptible"
"562.100861","MLST.ecoli_achtman_4.38",175,"Escherichia coli be79f7fa-7bb9-11e9-a8d3-68b59976a384","Good","Norway",5254756,50.42337,NA,2017,NA,NA,"Resistant",NA,"Intermediate","Susceptible","Susceptible",NA,"Susceptible","Resistant"
"562.100862","MLST.ecoli_achtman_4.14",176,"Escherichia coli be64d000-7bb9-11e9-a8d3-68b59976a384","Good","Norway",5298772,50.44582,NA,2017,NA,NA,NA,NA,NA,"Susceptible",NA,"Susceptible","Susceptible","Susceptible"
"562.100873","MLST.ecoli_achtman_4.3699",91,"Escherichia coli cc0c7e74-7bb9-11e9-a8d3-68b59976a384","Good","Norway",5062522,50.5709,NA,2017,NA,NA,NA,"Susceptible","Susceptible","Susceptible","Susceptible",NA,NA,"Susceptible"
"562.100880","MLST.ecoli_achtman_4.69",170,"Escherichia coli cf157d46-7bb9-11e9-a8d3-68b59976a384","Good","Norway",5254920,50.701668,NA,2017,NA,NA,NA,"Susceptible","Susceptible","Intermediate",NA,NA,NA,NA
"562.100886","MLST.ecoli_achtman_4.131",226,"Escherichia coli d0d37d4a-7bb9-11e9-a8d3-68b59976a384","Good","Norway",5264993,50.496914,NA,2017,NA,NA,"Resistant",NA,NA,"Susceptible","Resistant",NA,NA,"Resistant"
"562.100908","MLST.ecoli_achtman_4.95",69,"Escherichia coli 2bff137e-7bb9-11e9-a8d3-68b59976a384","Good","Norway",5066076,50.517006,NA,2017,NA,NA,"Susceptible",NA,NA,"Susceptible","Susceptible",NA,NA,NA
"562.100918","MLST.ecoli_achtman_4.1161",87,"Escherichia coli 289d96ec-7bb9-11e9-a8d3-68b59976a384","Good","Norway",5013967,50.49379,NA,2017,NA,NA,NA,NA,"Susceptible","Susceptible",NA,"Susceptible","Susceptible",NA
"562.100945","MLST.ecoli_achtman_4.73",62,"Escherichia coli 603d223e-7bb9-11e9-a8d3-68b59976a384","Good","Norway",4907316,50.59835,NA,2017,NA,NA,"Susceptible","Susceptible","Susceptible","Susceptible",NA,"Susceptible","Susceptible","Susceptible"
"562.100946","MLST.ecoli_achtman_4.69",103,"Escherichia coli 6057d82c-7bb9-11e9-a8d3-68b59976a384","Good","Norway",5036093,50.625175,NA,2017,NA,NA,NA,NA,"Susceptible","Susceptible","Susceptible","Susceptible","Susceptible","Resistant"
"562.100953","MLST.ecoli_achtman_4.181",135,"Escherichia coli 6cea743c-7bb9-11e9-a8d3-68b59976a384","Good","Norway",4761972,50.752922,NA,2017,NA,NA,"Susceptible",NA,NA,"Susceptible","Susceptible",NA,NA,"Susceptible"
"562.100964","MLST.ecoli_achtman_4.95",98,"Escherichia coli 5cd7c0cc-7bb9-11e9-a8d3-68b59976a384","Good","Norway",5057426,50.53986,NA,2017,NA,NA,NA,"Susceptible",NA,"Susceptible",NA,NA,"Susceptible","Susceptible"
"562.135573","MLST.ecoli_achtman_4.167",144,"Escherichia coli MGL_117","Good","India",5049959,50.656628,"Homo sapiens",2020,"Pus","Human","Resistant",NA,NA,"Resistant",NA,NA,NA,"Resistant"
"562.135594","MLST.ecoli_achtman_4.405",167,"Escherichia coli 20200203_MGL_03","Good","India",5273802,50.59695,"Homo sapiens",2019,"Urine","Human","Resistant",NA,NA,"Resistant",NA,NA,NA,"Resistant"
"562.140858","MLST.ecoli_achtman_4.131",190,"Escherichia coli 004-E1-U04","Good","USA",5019748,50.71195,"Human, Homo sapiens",2017,NA,NA,"Resistant",NA,"Susceptible","Resistant",NA,NA,NA,NA
"562.140864","MLST.ecoli_achtman_4.131",126,"Escherichia coli 013-E2-U04","Good","USA",5242826,50.71099,"Human, Homo sapiens",2017,NA,NA,NA,NA,"Resistant","Resistant","Susceptible",NA,NA,"Resistant"
"562.140886","MLST.ecoli_achtman_4.131",107,"Escherichia coli 013-E2-S01","Good","USA",5228695,50.70443,"Human, Homo sapiens",2017,NA,NA,NA,NA,NA,"Resistant",NA,"Susceptible",NA,"Resistant"
"562.140911","MLST.ecoli_achtman_4.131",124,"Escherichia coli 008-E1-DxU","Good","USA",5210838,50.625755,"Human, Homo sapiens",2017,NA,NA,NA,NA,NA,"Resistant",NA,"Susceptible",NA,"Resistant"
"562.140912","MLST.ecoli_achtman_4.131",132,"Escherichia coli 008-E1-S06","Good","USA",5212274,50.621437,"Human, Homo sapiens",2017,NA,NA,NA,NA,NA,"Resistant","Susceptible","Susceptible",NA,"Resistant"
"562.140915","MLST.ecoli_achtman_4.131",132,"Escherichia coli 008-E1-U06","Good","USA",5212587,50.625458,"Human, Homo sapiens",2017,NA,NA,"Resistant",NA,NA,"Resistant",NA,NA,NA,"Resistant"
"562.22600","MLST.ecoli_achtman_4.88",91,"Escherichia coli O8:H19 strain ECO0176","Good","United Kingdom",4883485,50.75,"Human, Homo sapiens",2009,NA,"Human","Susceptible",NA,"Susceptible","Susceptible","Susceptible",NA,NA,NA
"562.22618","MLST.ecoli_achtman_4.1722",76,"Escherichia coli O1:H25 strain ECO0203","Good","United Kingdom",4988640,50.45,"Human, Homo sapiens",2010,NA,"Human",NA,"Intermediate",NA,"Susceptible",NA,"Susceptible",NA,NA
"562.22627","MLST.ecoli_achtman_4.144",134,"Escherichia coli O16:H6 strain ECO0212","Good","United Kingdom",5088093,50.48,"Human, Homo sapiens",2010,NA,"Human",NA,NA,"Susceptible","Susceptible",NA,"Susceptible",NA,NA
"562.22632","MLST.ecoli_achtman_4.95",139,"Escherichia coli O2:H4 strain ECO0217","Good","United Kingdom",5131280,50.37,"Human, Homo sapiens",2010,NA,"Human","Resistant",NA,"Susceptible","Susceptible",NA,"Susceptible",NA,NA
"562.22639","MLST.ecoli_achtman_4.38",147,"Escherichia coli NA:H30 strain ECO0226","Good","United Kingdom",5192608,50.59,"Human, Homo sapiens",2010,NA,"Human","Resistant","Susceptible",NA,"Susceptible","Susceptible",NA,NA,NA
"562.22642","MLST.ecoli_achtman_4.131",142,"Escherichia coli O25:H4 strain ECO0230","Good","United Kingdom",5128917,50.65,"Human, Homo sapiens",2010,NA,"Human",NA,"Susceptible",NA,"Resistant",NA,"Susceptible",NA,NA
"562.22665","MLST.ecoli_achtman_4.550",111,"Escherichia coli O75:H5 strain ECO0253","Good","United Kingdom",5011173,50.64,"Human, Homo sapiens",2011,NA,"Human",NA,"Susceptible","Susceptible","Susceptible",NA,"Susceptible","Susceptible",NA
"562.22667","MLST.ecoli_achtman_4.538",80,"Escherichia coli O13/O135:H4 strain ECO0255","Good","United Kingdom",5067810,50.33,"Human, Homo sapiens",2011,NA,"Human",NA,"Susceptible",NA,"Susceptible",NA,NA,"Susceptible",NA
"562.22671","MLST.ecoli_achtman_4.95",114,"Escherichia coli O25:H4 strain ECO0259","Good","United Kingdom",5415805,50.4,"Human, Homo sapiens",2011,NA,"Human",NA,NA,NA,"Susceptible","Susceptible","Susceptible","Susceptible",NA
"562.22679","MLST.ecoli_achtman_4.963",128,"Escherichia coli O2:H18 strain ECO0269","Good","United Kingdom",5086140,50.45,"Human, Homo sapiens",2011,NA,"Human",NA,NA,"Susceptible","Susceptible","Susceptible","Susceptible",NA,NA
"562.22682","MLST.ecoli_achtman_4.73",104,"Escherichia coli O25:H1 strain ECO0274","Good","United Kingdom",5165437,50.48,"Human, Homo sapiens",2011,NA,"Human",NA,NA,"Susceptible","Susceptible",NA,"Susceptible","Susceptible",NA
"562.22689","MLST.ecoli_achtman_4.12",119,"Escherichia coli O4:H1 strain ECO0277","Good","United Kingdom",5359101,50.36,"Human, Homo sapiens",2011,NA,"Human","Resistant","Susceptible","Susceptible","Susceptible",NA,"Susceptible",NA,NA
"562.22702","MLST.ecoli_achtman_4.73",131,"Escherichia coli O6:H1 strain ECO0292","Good","United Kingdom",5091693,50.4,"Human, Homo sapiens",2011,NA,"Human",NA,"Susceptible","Susceptible","Susceptible","Susceptible","Susceptible",NA,NA
"562.22705","MLST.ecoli_achtman_4.95",100,"Escherichia coli O1:H7 strain ECO0295","Good","United Kingdom",4944090,50.51,"Human, Homo sapiens",2011,NA,"Human",NA,"Susceptible","Susceptible","Susceptible",NA,NA,"Susceptible",NA
"562.22707","MLST.ecoli_achtman_4.540",111,"Escherichia coli O9:H30 strain ECO0192","Good","United Kingdom",4941929,50.72,"Human, Homo sapiens",2010,NA,"Human","Resistant",NA,NA,"Susceptible","Susceptible",NA,"Resistant",NA
"562.22716","MLST.ecoli_achtman_4.428",87,"Escherichia coli O117:H4 strain ECO0301","Good","United Kingdom",4983647,50.38,"Human, Homo sapiens",2011,NA,"Human",NA,NA,NA,"Susceptible","Susceptible","Susceptible","Susceptible",NA
"562.22735","MLST.ecoli_achtman_4.69",119,"Escherichia coli O17:H18 strain ECO0324","Good","United Kingdom",5222692,50.68,"Human, Homo sapiens",2011,NA,"Human","Resistant","Susceptible",NA,"Susceptible",NA,"Susceptible","Susceptible",NA
"562.22756","MLST.ecoli_achtman_4.127",169,"Escherichia coli O6:H31 strain ECO0347","Good","United Kingdom",4978774,50.52,"Human, Homo sapiens",2012,NA,"Human","Resistant","Susceptible",NA,"Susceptible",NA,"Susceptible","Susceptible",NA
"562.22776","MLST.ecoli_achtman_4.91",74,"Escherichia coli O39:H4 strain ECO0370","Good","United Kingdom",4907236,50.59,"Human, Homo sapiens",2012,NA,"Human",NA,"Susceptible","Susceptible","Susceptible",NA,"Susceptible","Susceptible",NA
"562.22782","MLST.ecoli_achtman_4.73",113,"Escherichia coli H1 strain ECO0375","Good","United Kingdom",5111861,50.44,"Human, Homo sapiens",2012,NA,"Human","Resistant",NA,NA,"Susceptible",NA,"Susceptible","Susceptible",NA
"562.22794","MLST.ecoli_achtman_4.1193",90,"Escherichia coli O75:H5 strain ECO0391","Good","United Kingdom",4935969,50.58,"Human, Homo sapiens",2012,NA,"Human","Resistant","Susceptible",NA,"Resistant","Resistant",NA,NA,NA
"562.22801","MLST.ecoli_achtman_4.95",93,"Escherichia coli O18:H7 strain ECO0399","Good","United Kingdom",4957899,50.63,"Human, Homo sapiens",2012,NA,"Human",NA,"Susceptible",NA,"Susceptible",NA,"Susceptible","Susceptible",NA
"562.22828","MLST.ecoli_achtman_4.421",75,"Escherichia coli O1:H7 strain ECO0440","Good","United Kingdom",4963585,50.56,"Human, Homo sapiens",2001,NA,"Human",NA,NA,"Susceptible","Susceptible",NA,NA,"Susceptible",NA
"562.22874","MLST.ecoli_achtman_4.1494",185,"Escherichia coli not known strain ECO0321","Good","United Kingdom",4569258,50.82,"Human, Homo sapiens",2011,NA,"Human","Susceptible",NA,NA,"Susceptible","Susceptible",NA,"Susceptible",NA
"562.22878","MLST.ecoli_achtman_4.131",79,"Escherichia coli O25:H4 strain ECO0387","Good","United Kingdom",5100206,50.67,"Human, Homo sapiens",2012,NA,"Human","Susceptible",NA,"Susceptible","Susceptible",NA,NA,NA,NA
"562.22906","MLST.ecoli_achtman_4.12",60,"Escherichia coli O4:H5 strain ECO0514","Good","United Kingdom",5069479,50.35,"Human, Homo sapiens",2001,NA,"Human",NA,NA,"Susceptible","Susceptible","Susceptible",NA,NA,NA
"562.22911","MLST.ecoli_achtman_4.73",104,"Escherichia coli O6:H1 strain ECO0518","Good","United Kingdom",5021808,50.52,"Human, Homo sapiens",2002,NA,"Human",NA,"Susceptible",NA,"Susceptible","Susceptible",NA,NA,NA
"562.22944","MLST.ecoli_achtman_4.73",106,"Escherichia coli O6:H1 strain ECO0556","Good","United Kingdom",5063184,50.42,"Human, Homo sapiens",2002,NA,"Human",NA,"Susceptible",NA,"Susceptible",NA,NA,"Susceptible",NA
"562.22987","MLST.ecoli_achtman_4.141",88,"Escherichia coli O2:H6 strain ECO0611","Good","United Kingdom",5038524,50.58,"Human, Homo sapiens",2002,NA,"Human",NA,"Susceptible",NA,"Susceptible","Susceptible",NA,NA,NA
"562.23002","MLST.ecoli_achtman_4.95",116,"Escherichia coli O45:H7 strain ECO0627","Good","United Kingdom",5133569,50.62,"Human, Homo sapiens",2003,NA,"Human",NA,NA,"Susceptible","Susceptible","Susceptible",NA,NA,NA
"562.23003","MLST.ecoli_achtman_4.141",79,"Escherichia coli O2:H6 strain ECO0628","Good","United Kingdom",5013492,50.53,"Human, Homo sapiens",2003,NA,"Human",NA,"Susceptible","Susceptible","Susceptible",NA,NA,"Susceptible",NA
"562.23042","MLST.ecoli_achtman_4.5552",59,"Escherichia coli O54:H28 strain ECO0677","Good","United Kingdom",4591907,50.8,"Human, Homo sapiens",2003,NA,"Human",NA,"Susceptible",NA,"Susceptible",NA,NA,"Susceptible",NA
"562.23056","MLST.ecoli_achtman_4.2567",43,"Escherichia coli O83:H6 strain ECO0690","Good","United Kingdom",4754978,50.61,"Human, Homo sapiens",2003,NA,"Human",NA,NA,"Susceptible","Susceptible","Susceptible",NA,"Susceptible",NA
"562.23062","MLST.ecoli_achtman_4.95",85,"Escherichia coli O1:H7 strain ECO0697","Good","United Kingdom",5097590,50.44,"Human, Homo sapiens",2003,NA,"Human",NA,"Susceptible",NA,"Susceptible",NA,NA,"Susceptible",NA
"562.23089","MLST.ecoli_achtman_4.73",104,"Escherichia coli O6:H1 strain ECO0730","Good","United Kingdom",5091459,50.42,"Human, Homo sapiens",2004,NA,"Human",NA,"Susceptible",NA,"Susceptible",NA,NA,"Resistant",NA
"562.23116","MLST.ecoli_achtman_4.69",164,"Escherichia coli O17:H18 strain ECO0764","Good","United Kingdom",5340094,50.67,"Human, Homo sapiens",2004,NA,"Human",NA,"Susceptible","Susceptible","Susceptible",NA,NA,"Intermediate",NA
"562.23124","MLST.ecoli_achtman_4.961",70,"Escherichia coli O4:H5 strain ECO0776","Good","United Kingdom",4877479,50.53,"Human, Homo sapiens",2004,NA,"Human",NA,"Susceptible",NA,"Susceptible","Susceptible",NA,NA,NA
"562.23139","MLST.ecoli_achtman_4.73",107,"Escherichia coli O6:H1 strain ECO0561","Good","United Kingdom",5112302,50.44,"Human, Homo sapiens",2002,NA,"Human",NA,"Susceptible",NA,"Susceptible",NA,NA,"Intermediate",NA
"562.23146","MLST.ecoli_achtman_4.73",124,"Escherichia coli O2:H1 strain ECO0660","Good","United Kingdom",5201993,50.45,"Human, Homo sapiens",2003,NA,"Human",NA,"Susceptible",NA,"Susceptible",NA,NA,"Susceptible",NA
"562.23147","MLST.ecoli_achtman_4.73",116,"Escherichia coli O2:H1 strain ECO0661","Good","United Kingdom",5144435,50.36,"Human, Homo sapiens",2003,NA,"Human",NA,NA,"Susceptible","Susceptible","Susceptible",NA,"Susceptible",NA
"562.23175","MLST.ecoli_achtman_4.144",138,"Escherichia coli O16:H6 strain ECO0792","Good","United Kingdom",5211401,50.48,"Human, Homo sapiens",2004,NA,"Human",NA,NA,"Susceptible","Susceptible",NA,NA,"Susceptible",NA
"562.23183","MLST.ecoli_achtman_4.73",156,"Escherichia coli O6:H1 strain ECO0800","Good","United Kingdom",5109305,50.44,"Human, Homo sapiens",2004,NA,"Human",NA,"Susceptible","Susceptible","Susceptible","Susceptible",NA,NA,NA
"562.23200","MLST.ecoli_achtman_4.131",83,"Escherichia coli O25:H4 strain ECO0822","Good","United Kingdom",5095007,50.74,"Human, Homo sapiens",2004,NA,"Human",NA,"Susceptible",NA,"Resistant","Susceptible",NA,"Resistant",NA
"562.23215","MLST.ecoli_achtman_4.83",80,"Escherichia coli O6:H5 strain ECO0838","Good","United Kingdom",5062726,50.61,"Human, Homo sapiens",2004,NA,"Human",NA,NA,NA,"Susceptible","Susceptible",NA,"Resistant",NA
"562.23218","MLST.ecoli_achtman_4.73",101,"Escherichia coli O6:H1 strain ECO0841","Good","United Kingdom",5001491,50.51,"Human, Homo sapiens",2005,NA,"Human",NA,NA,"Susceptible","Susceptible","Susceptible",NA,"Susceptible",NA
"562.23226","MLST.ecoli_achtman_4.131",79,"Escherichia coli O25:H4 strain ECO0849","Good","United Kingdom",5093687,50.75,"Human, Homo sapiens",2005,NA,"Human",NA,"Resistant","Resistant","Resistant",NA,NA,"Susceptible",NA
"562.23231","MLST.ecoli_achtman_4.131",120,"Escherichia coli O25:H4 strain ECO0855","Good","United Kingdom",5247577,50.67,"Human, Homo sapiens",2005,NA,"Human",NA,"Susceptible",NA,"Resistant","Resistant",NA,NA,NA
"562.23260","MLST.ecoli_achtman_4.2272",89,"Escherichia coli O45:H7 strain ECO0894","Good","United Kingdom",4981503,50.71,"Human, Homo sapiens",2005,NA,"Human",NA,"Susceptible",NA,"Susceptible",NA,NA,"Susceptible",NA
"562.23271","MLST.ecoli_achtman_4.73",106,"Escherichia coli O6:H1 strain ECO0916","Good","United Kingdom",5041251,50.4,"Human, Homo sapiens",2005,NA,"Human",NA,NA,NA,"Susceptible","Susceptible",NA,"Susceptible",NA
"562.23284","MLST.ecoli_achtman_4.131",122,"Escherichia coli O25:H4 strain ECO0930","Good","United Kingdom",5218519,50.71,"Human, Homo sapiens",2005,NA,"Human",NA,NA,"Resistant","Resistant","Resistant",NA,NA,NA
"562.23297","MLST.ecoli_achtman_4.131",70,"Escherichia coli O25:H4 strain ECO0945","Good","United Kingdom",5036141,50.62,"Human, Homo sapiens",2005,NA,"Human",NA,NA,"Susceptible","Susceptible","Susceptible",NA,NA,NA
"562.23377","MLST.ecoli_achtman_4.131",106,"Escherichia coli O25:H4 strain ECO1142","Good","United Kingdom",5169225,50.75,"Human, Homo sapiens",2007,NA,"Human",NA,"Resistant","Susceptible","Resistant","Susceptible",NA,NA,NA
"562.23378","MLST.ecoli_achtman_4.95",79,"Escherichia coli O18:H7 strain ECO1143","Good","United Kingdom",5075479,50.52,"Human, Homo sapiens",2007,NA,"Human",NA,"Susceptible",NA,"Susceptible","Susceptible",NA,"Susceptible",NA
"562.23384","MLST.ecoli_achtman_4.648",120,"Escherichia coli O1:H6 strain ECO1056","Good","United Kingdom",5271537,50.43,"Human, Homo sapiens",2007,NA,"Human",NA,"Susceptible",NA,"Resistant","Susceptible",NA,"Susceptible",NA
"562.23394","MLST.ecoli_achtman_4.141",95,"Escherichia coli O2:H6 strain ECO1160","Good","United Kingdom",5196350,50.38,"Human, Homo sapiens",2008,NA,"Human",NA,"Susceptible","Susceptible","Susceptible",NA,NA,NA,NA
"562.23396","MLST.ecoli_achtman_4.131",104,"Escherichia coli O25:H4 strain ECO1163","Good","United Kingdom",5166395,50.76,"Human, Homo sapiens",2008,NA,"Human",NA,NA,"Resistant","Resistant",NA,NA,"Intermediate",NA
"562.23398","MLST.ecoli_achtman_4.131",114,"Escherichia coli O25:H4 strain ECO1168","Good","United Kingdom",5158648,50.7,"Human, Homo sapiens",2008,NA,"Human",NA,"Resistant","Resistant","Resistant",NA,NA,"Intermediate",NA
"562.23400","MLST.ecoli_achtman_4.540",104,"Escherichia coli O9:H30 strain ECO1296","Good","United Kingdom",4622930,50.91,"Human, Homo sapiens",2009,NA,"Human",NA,NA,"Susceptible","Susceptible","Susceptible",NA,NA,NA
"562.23410","MLST.ecoli_achtman_4.131",150,"Escherichia coli O25:H4 strain ECO1055","Good","United Kingdom",5355839,50.82,"Human, Homo sapiens",2007,NA,"Human",NA,NA,"Susceptible","Resistant",NA,NA,"Susceptible",NA
"562.23416","MLST.ecoli_achtman_4.978",35,"Escherichia coli O83:H27 strain ECO1241","Good","United Kingdom",4731941,50.49,"Human, Homo sapiens",2008,NA,"Human",NA,"Susceptible","Susceptible","Susceptible",NA,NA,NA,NA
"562.23436","MLST.ecoli_achtman_4.69",122,"Escherichia coli O17:H18 strain ECO1001","Good","United Kingdom",5307058,50.63,"Human, Homo sapiens",2006,NA,"Human",NA,NA,"Susceptible","Susceptible",NA,NA,"Susceptible",NA
"562.23440","MLST.ecoli_achtman_4.69",96,"Escherichia coli O17:H18 strain ECO1004","Good","United Kingdom",5115038,50.72,"Human, Homo sapiens",2006,NA,"Human",NA,NA,"Susceptible","Susceptible",NA,NA,"Susceptible",NA
"562.23451","MLST.ecoli_achtman_4.131",86,"Escherichia coli O25:H4 strain ECO1015","Good","United Kingdom",5070589,50.79,"Human, Homo sapiens",2006,NA,"Human",NA,"Resistant","Resistant","Resistant",NA,NA,NA,NA
"562.23457","MLST.ecoli_achtman_4.131",87,"Escherichia coli O25:H4 strain ECO1021","Good","United Kingdom",5137756,50.84,"Human, Homo sapiens",2006,NA,"Human",NA,"Resistant",NA,"Resistant","Resistant",NA,NA,NA
"562.23467","MLST.ecoli_achtman_4.69",115,"Escherichia coli O17:H18 strain ECO1035","Good","United Kingdom",5154742,50.69,"Human, Homo sapiens",2006,NA,"Human",NA,"Susceptible","Susceptible","Susceptible","Susceptible",NA,NA,NA
"562.23482","MLST.ecoli_achtman_4.12",72,"Escherichia coli O4:H5 strain ECO1048","Good","United Kingdom",5000906,50.48,"Human, Homo sapiens",2006,NA,"Human",NA,"Susceptible",NA,"Susceptible",NA,NA,"Susceptible",NA
"562.23494","MLST.ecoli_achtman_4.405",151,"Escherichia coli O102:H6 strain ECO1023","Good","United Kingdom",5291575,50.54,"Human, Homo sapiens",2006,NA,"Human",NA,"Resistant",NA,"Resistant",NA,NA,"Intermediate",NA
"562.23540","MLST.ecoli_achtman_4.5604",69,"Escherichia coli O4:H5 strain ECO1281","Good","United Kingdom",5124092,50.53,"Human, Homo sapiens",2009,NA,"Human",NA,NA,"Susceptible","Susceptible","Susceptible",NA,"Susceptible",NA
"562.23562","MLST.ecoli_achtman_4.393",93,"Escherichia coli O15:H1 strain ECO1249","Good","United Kingdom",5130601,50.5,"Human, Homo sapiens",2008,NA,"Human",NA,NA,NA,"Susceptible","Susceptible",NA,"Susceptible",NA
"562.23566","MLST.ecoli_achtman_4.131",130,"Escherichia coli O25:H4 strain ECO1268","Good","United Kingdom",5318520,50.71,"Human, Homo sapiens",2009,NA,"Human",NA,"Resistant","Resistant","Resistant","Susceptible",NA,NA,NA
"562.23602","MLST.ecoli_achtman_4.73",91,"Escherichia coli O2:H1 strain ECO1310","Good","United Kingdom",5010585,50.47,"Human, Homo sapiens",2009,NA,"Human",NA,NA,NA,"Susceptible","Susceptible",NA,"Susceptible",NA
"562.23621","MLST.ecoli_achtman_4.69",123,"Escherichia coli O17:H18 strain ECO1335","Good","United Kingdom",5200312,50.71,"Human, Homo sapiens",2009,NA,"Human",NA,"Susceptible",NA,"Susceptible",NA,NA,"Susceptible",NA
"562.23650","MLST.ecoli_achtman_4.141",75,"Escherichia coli O2:H6 strain ECO1379","Good","United Kingdom",5099808,50.55,"Human, Homo sapiens",2010,NA,"Human",NA,NA,"Susceptible","Susceptible","Susceptible",NA,"Susceptible",NA
"562.23658","MLST.ecoli_achtman_4.38",93,"Escherichia coli O1:H18 strain ECO1390","Good","United Kingdom",4955352,50.52,"Human, Homo sapiens",2010,NA,"Human",NA,NA,"Susceptible","Susceptible","Susceptible",NA,"Susceptible",NA
"562.23663","MLST.ecoli_achtman_4.453",141,"Escherichia coli O23:H16 strain ECO1398","Good","United Kingdom",4913626,50.72,"Human, Homo sapiens",2010,NA,"Human",NA,NA,NA,"Susceptible","Susceptible",NA,"Susceptible",NA
"562.23668","MLST.ecoli_achtman_4.998",75,"Escherichia coli O2:H6 strain ECO1404","Good","United Kingdom",5021341,50.66,"Human, Homo sapiens",2010,NA,"Human",NA,NA,NA,"Susceptible","Susceptible",NA,"Susceptible",NA
"562.23671","MLST.ecoli_achtman_4.404",117,"Escherichia coli O75:H5 strain ECO1407","Good","United Kingdom",5257856,50.6,"Human, Homo sapiens",2010,NA,"Human",NA,NA,NA,"Susceptible","Susceptible",NA,"Susceptible",NA
"562.23697","MLST.ecoli_achtman_4.90",90,"Escherichia coli O108:H9 strain ECO1392","Good","United Kingdom",4995417,50.64,"Human, Homo sapiens",2010,NA,"Human",NA,"Susceptible",NA,"Resistant","Intermediate",NA,NA,NA
"562.23709","MLST.ecoli_achtman_4.1423",73,"Escherichia coli O48:H7 strain ECO1432","Good","United Kingdom",4847192,50.63,"Human, Homo sapiens",2010,NA,"Human",NA,NA,"Susceptible","Susceptible",NA,NA,"Susceptible",NA
"562.23725","MLST.ecoli_achtman_4.95",89,"Escherichia coli O2:H4 strain ECO1452","Good","United Kingdom",4868034,50.66,"Human, Homo sapiens",2011,NA,"Human",NA,NA,"Susceptible","Susceptible",NA,NA,"Susceptible",NA
"562.23735","MLST.ecoli_achtman_4.372",61,"Escherichia coli O18:H31 strain ECO1465","Good","United Kingdom",4879158,50.33,"Human, Homo sapiens",2011,NA,"Human",NA,"Susceptible","Susceptible","Susceptible","Susceptible",NA,NA,NA
"562.23749","MLST.ecoli_achtman_4.69",141,"Escherichia coli O15:H18 strain ECO1485","Good","United Kingdom",5266786,50.72,"Human, Homo sapiens",2011,NA,"Human",NA,"Susceptible",NA,"Susceptible",NA,NA,"Susceptible",NA
"562.23760","MLST.ecoli_achtman_4.131",110,"Escherichia coli O25:H4 strain ECO1507","Good","United Kingdom",5110385,50.76,"Human, Homo sapiens",2011,NA,"Human",NA,"Susceptible","Susceptible","Resistant","Resistant",NA,NA,NA
"562.23772","MLST.ecoli_achtman_4.12",77,"Escherichia coli O4:H1 strain ECO1522","Good","United Kingdom",5008653,50.45,"Human, Homo sapiens",2011,NA,"Human",NA,NA,"Susceptible","Susceptible",NA,NA,"Susceptible",NA
"562.23782","MLST.ecoli_achtman_4.48",166,"Escherichia coli O6:H16 strain ECO1534","Good","United Kingdom",4868140,50.72,"Human, Homo sapiens",2011,NA,"Human",NA,"Susceptible",NA,"Resistant","Susceptible",NA,"Susceptible",NA
"562.23785","MLST.ecoli_achtman_4.62",152,"Escherichia coli O7:H45 strain ECO0741","Good","United Kingdom",5162635,50.56,"Human, Homo sapiens",2004,NA,"Human",NA,"Susceptible",NA,"Susceptible","Susceptible",NA,NA,NA
"562.23795","MLST.ecoli_achtman_4.681",63,"Escherichia coli O8:H10 strain ECO0766","Good","United Kingdom",4880287,50.77,"Human, Homo sapiens",2004,NA,"Human",NA,NA,NA,"Susceptible","Susceptible",NA,"Intermediate",NA
"562.23832","MLST.ecoli_achtman_4.131",137,"Escherichia coli O25:H4 strain ECO1223","Good","United Kingdom",5169171,50.7,"Human, Homo sapiens",2008,NA,"Human",NA,NA,"Susceptible","Resistant",NA,NA,"Susceptible",NA
"562.23871","MLST.ecoli_achtman_4.73",105,"Escherichia coli O6:H1 strain ECO1391","Good","United Kingdom",4979947,50.44,"Human, Homo sapiens",2010,NA,"Human",NA,"Susceptible",NA,"Susceptible",NA,NA,"Susceptible",NA
"562.23905","MLST.ecoli_achtman_4.73",59,"Escherichia coli O22:H1 strain ECO1530","Good","United Kingdom",4838788,50.61,"Human, Homo sapiens",2011,NA,"Human",NA,"Susceptible",NA,"Susceptible","Susceptible",NA,NA,NA
"562.23916","MLST.ecoli_achtman_4.12",97,"Escherichia coli O4:H40 strain ECO1175","Good","United Kingdom",4997171,50.53,"Human, Homo sapiens",2008,NA,"Human",NA,NA,"Susceptible","Susceptible","Susceptible",NA,NA,NA
"562.28435","MLST.ecoli_achtman_4.8150",6,"Escherichia coli strain AR_0369","Good",NA,4919661,50.56074,NA,NA,NA,NA,NA,"Resistant",NA,"Susceptible","Resistant",NA,"Susceptible","Resistant"
"562.28566","MLST.ecoli_achtman_4.167",7,"Escherichia coli strain AR_0371","Good",NA,4845968,50.804214,NA,NA,NA,NA,NA,"Resistant","Resistant","Resistant",NA,"Susceptible",NA,NA
"562.31451","MLST.ecoli_achtman_4.617",177,"Escherichia coli strain KCRI-244 strain R0007_244","Good","Tanzania",5080513,50.62235,"Human, Homo sapiens",2014,"Sputum","Human","Resistant",NA,"Resistant","Resistant",NA,NA,NA,NA
"562.31452","MLST.ecoli_achtman_4.167",133,"Escherichia coli strain KCRI-44 strain RDK37_44","Good","Tanzania",4828309,50.916107,"Human, Homo sapiens",2013,"Swab","Human",NA,NA,NA,"Resistant","Resistant",NA,NA,"Resistant"
"562.31464","MLST.ecoli_achtman_4.2332",240,"Escherichia coli strain KCRI-4 strain RDK36_4","Good","Tanzania",5121061,50.693302,"Human, Homo sapiens",2013,"Stool","Human","Resistant",NA,"Susceptible","Susceptible","Susceptible",NA,NA,"Resistant"
"562.42636","MLST.ecoli_achtman_4.1193",123,"Escherichia coli strain 134","Good","USA",4962717,50.64262,"Human, Homo sapiens",2015,"urine","Human",NA,NA,"Susceptible","Resistant",NA,NA,"Susceptible","Susceptible"
"562.42648","MLST.ecoli_achtman_4.6480",132,"Escherichia coli strain 149","Good","USA",5168912,50.612125,"Human, Homo sapiens",2015,"urine","Human",NA,NA,NA,"Resistant",NA,"Susceptible",NA,"Resistant"
"562.42649","MLST.ecoli_achtman_4.44",210,"Escherichia coli strain 151","Good","USA",4931485,50.83795,"Human, Homo sapiens",2015,"sputum","Human","Resistant",NA,NA,"Resistant",NA,NA,"Intermediate",NA
"562.42651","MLST.ecoli_achtman_4.405",246,"Escherichia coli strain 154","Good","USA",5351370,50.529377,"Human, Homo sapiens",2015,"urine","Human","Resistant",NA,NA,"Resistant",NA,NA,NA,"Resistant"
"562.42654","MLST.ecoli_achtman_4.167",142,"Escherichia coli strain 159","Good","USA",4855720,50.813496,"Human, Homo sapiens",2015,"urine","Human",NA,NA,"Resistant","Resistant",NA,NA,NA,"Resistant"
"562.42665","MLST.ecoli_achtman_4.90",95,"Escherichia coli strain 190","Good","USA",5256245,50.642483,"Human, Homo sapiens",2016,"urine","Human","Resistant",NA,NA,"Resistant",NA,NA,"Resistant","Resistant"
"562.42689","MLST.ecoli_achtman_4.648",178,"Escherichia coli strain 243","Good","USA",5393927,50.40869,"Human, Homo sapiens",2016,"urine","Human","Resistant",NA,"Resistant","Susceptible",NA,NA,NA,"Resistant"
"562.42701","MLST.ecoli_achtman_4.405",231,"Escherichia coli strain 265","Good","USA",5467578,50.65424,"Human, Homo sapiens",2016,"urine","Human",NA,NA,NA,"Resistant","Susceptible",NA,NA,"Susceptible"
"562.42704","MLST.ecoli_achtman_4.131",120,"Escherichia coli strain 281","Good","USA",4978772,50.742874,"Human, Homo sapiens",2016,"urine","Human","Resistant",NA,NA,"Susceptible",NA,NA,NA,"Resistant"
"562.42718","MLST.ecoli_achtman_4.131",124,"Escherichia coli strain 327","Good","USA",5345955,50.73204,"Human, Homo sapiens",2016,"urine","Human","Resistant",NA,NA,"Resistant",NA,"Susceptible",NA,"Susceptible"
"562.42729","MLST.ecoli_achtman_4.10",136,"Escherichia coli strain 370","Good","USA",4798832,50.81678,"Human, Homo sapiens",2016,"urine","Human","Resistant",NA,NA,"Resistant","Resistant",NA,NA,NA
"562.42737","MLST.ecoli_achtman_4.648",156,"Escherichia coli strain 406","Good","USA",5091947,50.40021,"Human, Homo sapiens",2017,"urine","Human",NA,NA,"Susceptible","Resistant","Susceptible",NA,NA,"Susceptible"
"562.42747","MLST.ecoli_achtman_4.131",173,"Escherichia coli strain 478","Good","USA",5365064,50.64083,"Human, Homo sapiens",2017,"urine","Human",NA,NA,NA,"Resistant",NA,"Susceptible",NA,"Resistant"
"562.42764","MLST.ecoli_achtman_4.744",135,"Escherichia coli strain M10","Good","USA",4756659,50.66729,"Human, Homo sapiens",2015,"blood","Human","Resistant",NA,NA,"Resistant",NA,NA,"Susceptible","Resistant"
"562.42765","MLST.ecoli_achtman_4.131",137,"Escherichia coli strain M11","Good","USA",5232466,50.80975,"Human, Homo sapiens",2015,"blood","Human",NA,NA,NA,"Resistant",NA,NA,"Susceptible","Resistant"
"562.42766","MLST.ecoli_achtman_4.744",134,"Escherichia coli strain M12","Good","USA",4756929,50.66821,"Human, Homo sapiens",2015,"blood","Human","Resistant",NA,NA,"Resistant","Susceptible","Susceptible","Susceptible","Resistant"
"562.42775","MLST.ecoli_achtman_4.744",149,"Escherichia coli strain M20","Good","USA",4757667,50.6661,"Human, Homo sapiens",2015,"blood","Human","Resistant",NA,NA,"Resistant","Resistant","Susceptible",NA,"Resistant"
"562.42815","MLST.ecoli_achtman_4.485",79,"Escherichia coli strain M55","Good","USA",5100455,50.289963,"Human, Homo sapiens",2014,"blood","Human",NA,NA,NA,"Susceptible",NA,NA,"Susceptible","Susceptible"
"562.42826","MLST.ecoli_achtman_4.131",130,"Escherichia coli strain MUGSI_14","Good","USA",5239760,50.695393,"Human, Homo sapiens",2012,"Urine","Human","Resistant",NA,"Resistant","Resistant",NA,NA,NA,"Susceptible"
"562.42842","MLST.ecoli_achtman_4.1844",110,"Escherichia coli strain MUGSI_218","Good","USA",5184504,50.67374,"Human, Homo sapiens",2014,"Urine","Human",NA,NA,NA,"Susceptible","Susceptible",NA,NA,"Susceptible"
"562.42843","MLST.ecoli_achtman_4.410",136,"Escherichia coli strain MUGSI_226","Good","USA",5102847,50.603577,"Human, Homo sapiens",2014,"Urine","Human",NA,NA,NA,"Resistant","Susceptible",NA,NA,"Resistant"
"562.42846","MLST.ecoli_achtman_4.93",151,"Escherichia coli strain MUGSI_244","Good","USA",4855941,50.497524,"Human, Homo sapiens",2014,"Urine","Human",NA,"Resistant","Resistant","Susceptible","Susceptible","Susceptible","Resistant",NA
"562.42855","MLST.ecoli_achtman_4.131",87,"Escherichia coli strain MUGSI_258","Good","USA",5052087,50.84491,"Human, Homo sapiens",2014,"Urine","Human",NA,NA,NA,"Resistant",NA,NA,"Susceptible","Resistant"
"562.42862","MLST.ecoli_achtman_4.131",121,"Escherichia coli strain MUGSI_292","Good","USA",5307159,50.673534,"Human, Homo sapiens",2013,"URINE","Human","Resistant",NA,NA,"Resistant","Susceptible",NA,"Susceptible","Resistant"
"562.42871","MLST.ecoli_achtman_4.1386",125,"Escherichia coli strain MUGSI_9","Good","USA",5247833,50.45456,"Human, Homo sapiens",2012,"Urine","Human",NA,"Resistant","Resistant","Susceptible","Susceptible",NA,NA,"Susceptible"
"562.42873","MLST.ecoli_achtman_4.131",160,"Escherichia coli strain MUGSI_93","Good","USA",5227191,50.810673,"Human, Homo sapiens",2014,"Urine","Human","Resistant",NA,"Resistant","Resistant",NA,"Resistant",NA,"Resistant"
"562.45602","MLST.ecoli_achtman_4.11412",129,"Escherichia coli strain EC_84","Good","Pakistan",5133639,50.42951,"Chicken, Gallus gallus",2016,"infection","Avian",NA,NA,NA,"Resistant",NA,NA,"Susceptible","Resistant"
"562.45604","MLST.ecoli_achtman_4.117",132,"Escherichia coli strain EC_73","Good","Pakistan",5048030,50.675156,"Chicken, Gallus gallus",2016,"infection","Avian","Resistant",NA,NA,"Intermediate",NA,"Susceptible","Susceptible","Resistant"
"562.45621","MLST.ecoli_achtman_4.212",153,"Escherichia coli strain EC_58","Good","Pakistan",5050245,50.67875,"Chicken, Gallus gallus",2016,"infection","Avian","Resistant",NA,NA,"Intermediate",NA,NA,NA,"Resistant"
"562.45634","MLST.ecoli_achtman_4.1324",121,"Escherichia coli strain EC_49","Good","Pakistan",4906620,50.625313,"Chicken, Gallus gallus",2017,"infection","Avian","Resistant",NA,"Susceptible","Resistant","Susceptible","Susceptible",NA,"Resistant"
"562.45643","MLST.ecoli_achtman_4.117",177,"Escherichia coli strain EC_31","Good","Pakistan",5083324,50.70568,"Chicken, Gallus gallus",2016,"infection","Avian",NA,NA,"Susceptible","Susceptible",NA,NA,"Susceptible","Resistant"
"562.45644","MLST.ecoli_achtman_4.156",186,"Escherichia coli strain EC_44","Good","Pakistan",5193862,50.461594,"Chicken, Gallus gallus",2016,"infection","Avian","Resistant",NA,NA,"Resistant","Susceptible",NA,NA,"Resistant"
"562.45657","MLST.ecoli_achtman_4.1324",119,"Escherichia coli strain EC_16","Good","Pakistan",4908844,50.62806,"Chicken, Gallus gallus",2016,"infection","Avian",NA,NA,"Susceptible","Resistant",NA,"Susceptible",NA,"Resistant"
"562.45660","MLST.ecoli_achtman_4.2852",119,"Escherichia coli strain EC_38","Good","Pakistan",4998806,50.567677,"Chicken, Gallus gallus",2017,"infection","Avian","Resistant",NA,"Susceptible","Resistant",NA,NA,NA,"Susceptible"
"562.45661","MLST.ecoli_achtman_4.23",118,"Escherichia coli strain EC_01","Good","Pakistan",5139685,50.419796,"Chicken, Gallus gallus",2016,"infection","Avian",NA,NA,"Susceptible","Intermediate","Susceptible","Susceptible",NA,"Susceptible"
"562.45672","MLST.ecoli_achtman_4.10",138,"Escherichia coli strain EC_62","Good","Pakistan",4813021,50.686977,"Chicken, Gallus gallus",2016,"infection","Avian","Susceptible",NA,NA,"Susceptible",NA,"Susceptible",NA,"Susceptible"
"562.48346","MLST.ecoli_achtman_4.88",225,"Escherichia coli 290","Good","Canada",5399739,50.620075,"Holstein dairy calf",2016,NA,NA,NA,NA,NA,"Intermediate","Susceptible",NA,NA,"Resistant"
"562.56829","MLST.ecoli_achtman_4.420",441,"Escherichia coli strain 489-16","Good","Germany",5521655,50.289112,"Chicken",2012,"chicken","Avian",NA,"Resistant","Resistant","Resistant",NA,"Susceptible",NA,NA
"562.56842","MLST.ecoli_achtman_4.1196",373,"Escherichia coli strain 502-16","Good","Germany",5394506,50.389248,"Turkey",2014,"turkey","Avian","Resistant",NA,"Resistant","Resistant",NA,"Susceptible",NA,NA
"562.57113","MLST.ecoli_achtman_4.8852",569,"Escherichia coli strain 24742_1#292","Good",NA,5602877,50.466007,NA,2017,NA,NA,"Resistant","Susceptible",NA,"Susceptible",NA,NA,NA,NA
"562.57125","MLST.ecoli_achtman_4.2350",57,"Escherichia coli strain 24742_1#25","Good",NA,4675868,50.756054,NA,NA,NA,NA,"Resistant","Susceptible","Susceptible","Susceptible","Susceptible",NA,NA,NA
"562.57142","MLST.ecoli_achtman_4.1619",357,"Escherichia coli strain 24742_1#95","Good",NA,5444929,50.389046,NA,NA,NA,NA,NA,"Susceptible",NA,"Susceptible","Susceptible",NA,NA,NA
"562.57148","MLST.ecoli_achtman_4.394",66,"Escherichia coli strain 24742_1#100","Good",NA,5313515,50.27055,NA,NA,NA,NA,"Resistant","Susceptible","Susceptible","Susceptible","Susceptible",NA,NA,NA
"562.57167","MLST.ecoli_achtman_4.11",131,"Escherichia coli strain 24742_1#143","Good",NA,5397690,50.30849,NA,NA,NA,NA,"Susceptible",NA,"Susceptible","Susceptible","Susceptible",NA,NA,NA
"562.57168","MLST.ecoli_achtman_4.448",106,"Escherichia coli strain 24742_1#142","Good",NA,5082296,50.806953,NA,NA,NA,NA,"Resistant","Resistant",NA,"Resistant",NA,NA,NA,NA
"562.57169","MLST.ecoli_achtman_4.12",90,"Escherichia coli strain 24742_1#326","Good",NA,5250591,50.369125,NA,NA,NA,NA,"Resistant","Resistant",NA,"Susceptible","Resistant",NA,NA,NA
"562.57173","MLST.ecoli_achtman_4.10",113,"Escherichia coli strain 24742_1#145","Good",NA,4857707,50.738243,NA,2013,NA,NA,"Resistant",NA,"Susceptible","Susceptible","Susceptible",NA,NA,NA
"562.57178","MLST.ecoli_achtman_4.127",70,"Escherichia coli strain 24742_1#156","Good",NA,4996638,50.54784,NA,2013,NA,NA,NA,NA,"Resistant","Resistant","Resistant",NA,NA,NA
"562.57217","MLST.ecoli_achtman_4.69",78,"Escherichia coli strain 24742_1#174","Good",NA,5119891,50.755634,NA,2017,NA,NA,"Resistant",NA,"Susceptible","Susceptible","Susceptible",NA,NA,NA
"562.57223","MLST.ecoli_achtman_4.117",306,"Escherichia coli strain 24742_1#181","Good",NA,5210229,50.70953,NA,2017,NA,NA,"Susceptible",NA,"Susceptible","Susceptible","Susceptible",NA,NA,NA
"562.57234","MLST.ecoli_achtman_4.88",82,"Escherichia coli strain 24742_1#196","Good",NA,5321778,50.734093,NA,2017,NA,NA,NA,"Susceptible","Resistant","Resistant","Susceptible",NA,NA,NA
"562.57248","MLST.ecoli_achtman_4.131",81,"Escherichia coli strain 24742_1#354","Good",NA,5235840,50.80942,NA,2008,NA,NA,"Resistant","Resistant",NA,"Resistant","Susceptible",NA,NA,NA
"562.57265","MLST.ecoli_achtman_4.69",94,"Escherichia coli strain 24742_1#222","Good",NA,5238459,50.660637,NA,2009,NA,NA,"Resistant",NA,"Resistant","Resistant","Resistant",NA,NA,NA
"562.57285","MLST.ecoli_achtman_4.405",112,"Escherichia coli strain 24742_1#364","Good",NA,5244584,50.657993,NA,2009,NA,NA,NA,"Resistant",NA,"Resistant","Susceptible",NA,NA,NA
"562.7565","MLST.ecoli_achtman_4.517",180,"Escherichia coli strain 402058_aEPEC","Good","Kenya",5047794,50.63,"Human, Homo sapiens",2009,"faeces","Human",NA,NA,"Susceptible","Susceptible","Susceptible",NA,NA,"Resistant"
"562.7582","MLST.ecoli_achtman_4.10",94,"Escherichia coli strain 202973_aEPEC","Good","Mali",4742618,50.5,"Human, Homo sapiens",2009,"faeces","Human",NA,NA,"Susceptible","Susceptible","Susceptible",NA,NA,"Resistant"
"562.7617","MLST.ecoli_achtman_4.517",144,"Escherichia coli strain 202453_aEPEC","Good","Mali",5127015,50.61,"Human, Homo sapiens",2009,"faeces","Human","Resistant",NA,"Susceptible","Susceptible","Susceptible","Susceptible",NA,NA
"562.7619","MLST.ecoli_achtman_4.29",249,"Escherichia coli strain G100788-1A","Good","Gambia",5666911,50.21,"Human, Homo sapiens",2008,"faeces","Human","Susceptible",NA,"Susceptible","Susceptible","Susceptible","Susceptible",NA,"Susceptible"
"562.7625","MLST.ecoli_achtman_4.378",272,"Escherichia coli strain 501016","Good","India",4916558,50.76,"Human, Homo sapiens",2009,"faeces","Human","Resistant",NA,NA,"Susceptible","Susceptible",NA,NA,NA
"562.7627","MLST.Escherichia_coli_1.4554",2,"Escherichia coli strain 402696","Poor","Kenya",1299606,51.14,"Human, Homo sapiens",2009,"faeces","Human","Susceptible",NA,"Susceptible","Susceptible","Susceptible","Susceptible",NA,"Resistant"
"562.7632","MLST.ecoli_achtman_4.5234",259,"Escherichia coli strain 700149","Good","Pakistan",5220872,50.58,"Human, Homo sapiens",2008,"faeces","Human","Resistant",NA,NA,"Susceptible",NA,"Susceptible",NA,NA
"562.7637","MLST.ecoli_achtman_4.301",213,"Escherichia coli strain 201488_aEPEC","Good","Mali",5148303,50.65,"Human, Homo sapiens",2008,"faeces","Human","Resistant",NA,"Susceptible","Susceptible","Susceptible","Susceptible",NA,"Resistant"
"562.7638","MLST.ecoli_achtman_4.378",242,"Escherichia coli strain 700851","Good","Pakistan",5232916,50.49,"Human, Homo sapiens",2008,"faeces","Human",NA,NA,"Susceptible","Susceptible","Susceptible","Susceptible",NA,NA
"562.7645","MLST.ecoli_achtman_4.34",163,"Escherichia coli strain 204302_aEPEC","Good","Mali",4874460,50.8,"Human, Homo sapiens",2010,"faeces","Human","Resistant",NA,NA,"Susceptible","Susceptible","Susceptible",NA,"Resistant"
"562.7653","MLST.ecoli_achtman_4.589",33,"Escherichia coli strain 401363","Good","Kenya",4679352,50.68,"Human, Homo sapiens",2008,"faeces","Human",NA,NA,"Susceptible","Susceptible",NA,"Susceptible",NA,"Resistant"
"562.7657","MLST.ecoli_achtman_4.5353",107,"Escherichia coli strain 300814_aEPEC","Good","Mozambique",4782456,50.46,"Human, Homo sapiens",2008,"faeces","Human",NA,NA,"Susceptible","Susceptible","Susceptible","Susceptible",NA,"Resistant"
"562.7659","MLST.ecoli_achtman_4.4554",74,"Escherichia coli strain 202521_aEPEC","Good","Mali",4860971,50.56,"Human, Homo sapiens",2009,"faeces","Human","Susceptible",NA,"Susceptible","Susceptible","Susceptible","Susceptible",NA,"Susceptible"
"562.7664","MLST.ecoli_achtman_4.328",123,"Escherichia coli strain 402138_aEPEC","Good","Kenya",5191258,50.55,"Human, Homo sapiens",2009,"faeces","Human",NA,NA,NA,"Susceptible","Susceptible","Susceptible",NA,"Resistant"
"562.7670","MLST.ecoli_achtman_4.517",162,"Escherichia coli strain 202443_aEPEC","Good","Mali",5096946,50.52,"Human, Homo sapiens",2009,"faeces","Human","Resistant",NA,"Susceptible","Susceptible","Susceptible","Susceptible",NA,"Resistant"
"562.7677","MLST.ecoli_achtman_4.517",177,"Escherichia coli strain 500095","Good","India",5093990,50.61,"Human, Homo sapiens",2008,"faeces","Human","Susceptible",NA,"Susceptible","Susceptible",NA,"Susceptible",NA,NA
"562.7685","MLST.ecoli_achtman_4.29",327,"Escherichia coli strain 403308_aEPEC","Good","Kenya",5093020,50.48,"Human, Homo sapiens",2010,"faeces","Human","Susceptible",NA,"Susceptible","Susceptible","Susceptible",NA,NA,"Resistant"
"562.7694",NA,5,"Escherichia coli strain 103151","Poor","Gambia",1326714,50.18,"Human, Homo sapiens",2010,"faeces","Human","Resistant",NA,"Susceptible","Susceptible","Susceptible","Susceptible",NA,"Resistant"
"562.7700","MLST.ecoli_achtman_4.34",183,"Escherichia coli strain 202833_aEPEC","Good","Mali",4961096,50.83,"Human, Homo sapiens",2009,"faeces","Human",NA,NA,NA,"Susceptible","Susceptible","Susceptible",NA,"Resistant"
"562.7709","MLST.ecoli_achtman_4.328",108,"Escherichia coli strain 504324","Good","India",5099223,50.4,"Human, Homo sapiens",2009,"faeces","Human","Susceptible",NA,"Susceptible","Susceptible","Susceptible","Susceptible",NA,"Susceptible"
"562.7712","MLST.ecoli_achtman_4.4590",202,"Escherichia coli strain 403726_aEPEC","Good","Kenya",4970268,50.53,"Human, Homo sapiens",2010,"faeces","Human","Resistant",NA,NA,"Susceptible",NA,"Susceptible",NA,NA
"562.7718","MLST.ecoli_achtman_4.2089",128,"Escherichia coli strain R203092-3A","Good","Mali",4928225,50.55,"Human, Homo sapiens",2009,"faeces","Human",NA,NA,"Susceptible","Susceptible","Susceptible",NA,NA,"Susceptible"
"562.7723","MLST.ecoli_achtman_4.10",89,"Escherichia coli strain 400714_aEPEC","Good","Kenya",4839962,50.42,"Human, Homo sapiens",2008,"faeces","Human","Resistant",NA,"Susceptible","Susceptible","Susceptible","Susceptible",NA,NA
"562.7733","MLST.ecoli_achtman_4.5330",331,"Escherichia coli strain 402743_aEPEC","Good","Kenya",5065642,50.68,"Human, Homo sapiens",2009,"faeces","Human","Resistant",NA,"Susceptible","Susceptible","Susceptible","Susceptible",NA,"Resistant"
"562.7734","MLST.ecoli_achtman_4.381",200,"Escherichia coli strain R302583-2A","Good","Mozambique",5300706,50.49,"Human, Homo sapiens",NA,"faeces","Human","Susceptible",NA,"Susceptible","Susceptible","Susceptible","Susceptible",NA,"Resistant"
"562.7738","MLST.ecoli_achtman_4.328",74,"Escherichia coli strain G500407","Good","India",4793312,50.6,"Human, Homo sapiens",2008,"faeces","Human","Susceptible",NA,"Susceptible","Susceptible",NA,"Susceptible",NA,"Susceptible"
"562.7741","MLST.ecoli_achtman_4.5353",110,"Escherichia coli strain 202317_aEPEC","Good","Mali",4804932,50.42,"Human, Homo sapiens",2009,"faeces","Human","Resistant",NA,"Susceptible","Susceptible","Susceptible","Susceptible",NA,NA
"562.7744","MLST.ecoli_achtman_4.5241",150,"Escherichia coli strain G504540","Good","India",5072005,50.59,"Human, Homo sapiens",2009,"faeces","Human",NA,NA,NA,"Susceptible","Susceptible",NA,NA,"Resistant"
"562.7746","MLST.ecoli_achtman_4.335",204,"Escherichia coli strain 702745_aEPEC","Good","Pakistan",5460241,50.44,"Human, Homo sapiens",2009,"faeces","Human","Resistant",NA,"Susceptible","Susceptible",NA,"Susceptible",NA,"Resistant"
"562.7752","MLST.ecoli_achtman_4.583",106,"Escherichia coli strain 402048_aEPEC","Good","Kenya",5022063,50.54,"Human, Homo sapiens",2009,"faeces","Human",NA,NA,NA,"Susceptible","Susceptible","Susceptible",NA,"Resistant"
"562.7775","MLST.ecoli_achtman_4.301",205,"Escherichia coli strain G603423","Good","Bangladesh",5120183,50.46,"Human, Homo sapiens",2010,"faeces","Human","Resistant",NA,"Susceptible","Resistant","Susceptible","Susceptible",NA,"Resistant"
"562.7778","MLST.ecoli_achtman_4.301",219,"Escherichia coli strain 402248_aEPEC","Good","Kenya",5090618,50.67,"Human, Homo sapiens",2009,"faeces","Human","Resistant",NA,"Susceptible","Susceptible","Susceptible","Susceptible",NA,"Resistant"
"562.7780","MLST.ecoli_achtman_4.29",278,"Escherichia coli strain 300086_aEPEC","Good","Mozambique",5216908,50.65,"Human, Homo sapiens",2008,"faeces","Human","Susceptible",NA,"Susceptible","Susceptible","Susceptible",NA,NA,"Resistant"
"562.7782","MLST.ecoli_achtman_4.29",281,"Escherichia coli strain 500094","Good","India",5231302,50.66,"Human, Homo sapiens",2008,"faeces","Human","Resistant",NA,"Susceptible","Susceptible","Susceptible","Susceptible",NA,"Resistant"
"562.7783","MLST.ecoli_achtman_4.5445",28,"Escherichia coli strain 100600_aEPEC","Good","Gambia",4787944,50.66,"Human, Homo sapiens",2008,"faeces","Human",NA,NA,"Susceptible","Susceptible","Susceptible",NA,NA,NA
"562.7786","MLST.ecoli_achtman_4.5251",200,"Escherichia coli strain G401529","Good","Kenya",5208687,50.6,"Human, Homo sapiens",2008,"faeces","Human","Susceptible",NA,NA,"Susceptible","Susceptible","Susceptible",NA,"Resistant"
"562.7792","MLST.ecoli_achtman_4.4554",79,"Escherichia coli strain 401480_aEPEC","Good","Kenya",4882059,50.52,"Human, Homo sapiens",2008,"faeces","Human","Resistant",NA,NA,"Susceptible","Susceptible",NA,NA,"Resistant"
"562.96427","MLST.ecoli_achtman_4.443",157,"Escherichia coli VRES0699","Good","England",5140440,50.73134,"Human, Homo sapiens",NA,NA,NA,NA,"Resistant","Intermediate","Resistant","Susceptible","Susceptible",NA,NA
"562.96464","MLST.ecoli_achtman_4.1196",114,"Escherichia coli VREC0786","Good","England",5079791,50.746063,"Human, Homo sapiens",NA,NA,NA,NA,"Susceptible","Susceptible","Resistant",NA,"Susceptible",NA,NA
"562.96478","MLST.ecoli_achtman_4.69",202,"Escherichia coli VREC0669","Good","England",5275439,50.594482,"Human, Homo sapiens",NA,NA,NA,NA,NA,"Susceptible","Susceptible",NA,"Susceptible",NA,NA
"562.96490","MLST.ecoli_achtman_4.131",130,"Escherichia coli VRES0718","Good","England",5162915,50.753944,"Human, Homo sapiens",NA,NA,NA,NA,"Resistant","Resistant","Resistant","Susceptible","Susceptible","Susceptible",NA
"562.96495","MLST.ecoli_achtman_4.131",129,"Escherichia coli VRES0712","Good","England",5164729,50.75488,"Human, Homo sapiens",NA,NA,NA,NA,NA,"Resistant","Resistant","Susceptible",NA,NA,NA
"562.96510","MLST.ecoli_achtman_4.131",129,"Escherichia coli VRES0748","Good","England",5163876,50.754936,"Human, Homo sapiens",NA,NA,NA,NA,NA,NA,"Resistant","Susceptible",NA,"Susceptible",NA
"562.96519","MLST.ecoli_achtman_4.131",142,"Escherichia coli VRES0745","Good","England",5160207,50.76089,"Human, Homo sapiens",NA,NA,NA,NA,"Resistant",NA,"Resistant","Susceptible","Susceptible","Susceptible",NA
"562.96525","MLST.ecoli_achtman_4.69",148,"Escherichia coli VREC0715","Good","England",5190123,50.628956,"Human, Homo sapiens",NA,NA,NA,NA,"Susceptible","Susceptible","Susceptible",NA,"Susceptible","Susceptible",NA
"562.96528","MLST.ecoli_achtman_4.93",166,"Escherichia coli VREC0721","Good","England",4970743,50.75891,"Human, Homo sapiens",NA,NA,NA,NA,"Susceptible","Susceptible","Susceptible","Susceptible","Susceptible",NA,NA
"562.96533","MLST.ecoli_achtman_4.1196",121,"Escherichia coli VREC0726","Good","England",5132120,50.74129,"Human, Homo sapiens",NA,NA,NA,NA,NA,NA,"Resistant","Susceptible","Susceptible",NA,NA
"562.96539","MLST.ecoli_achtman_4.131",126,"Escherichia coli VREC0735","Good","England",4975864,50.67311,"Human, Homo sapiens",NA,NA,NA,NA,NA,"Susceptible","Resistant","Susceptible",NA,NA,NA
"562.96543","MLST.ecoli_achtman_4.69",136,"Escherichia coli VREC0718","Good","England",5119315,50.61974,"Human, Homo sapiens",NA,NA,NA,NA,"Susceptible","Susceptible","Susceptible",NA,"Susceptible",NA,NA
"562.96547","MLST.ecoli_achtman_4.1196",115,"Escherichia coli VREC0727","Good","England",5077553,50.74527,"Human, Homo sapiens",NA,NA,NA,NA,NA,"Susceptible","Resistant","Susceptible",NA,NA,NA
"562.96559","MLST.ecoli_achtman_4.90",96,"Escherichia coli VREC0741","Good","England",4905320,50.62899,"Human, Homo sapiens",NA,NA,NA,NA,NA,NA,"Resistant",NA,"Susceptible","Susceptible",NA
"562.96569","MLST.ecoli_achtman_4.10",60,"Escherichia coli VREC0754","Good","England",4538159,50.721825,"Human, Homo sapiens",NA,NA,NA,NA,"Susceptible","Susceptible","Susceptible","Susceptible",NA,NA,NA
"562.96585","MLST.ecoli_achtman_4.635",215,"Escherichia coli VREC0761","Good","England",5035205,50.45864,"Human, Homo sapiens",NA,NA,NA,NA,"Susceptible","Susceptible","Susceptible","Susceptible","Susceptible","Susceptible",NA
"562.96590","MLST.ecoli_achtman_4.1196",103,"Escherichia coli VREC0776","Good","England",5093774,50.73154,"Human, Homo sapiens",NA,NA,NA,NA,NA,NA,"Resistant",NA,"Susceptible","Susceptible",NA
"562.96592","MLST.ecoli_achtman_4.1196",126,"Escherichia coli VREC0774","Good","England",5115927,50.734776,"Human, Homo sapiens",NA,NA,NA,NA,NA,NA,"Resistant","Susceptible","Susceptible","Susceptible",NA
"562.96594","MLST.ecoli_achtman_4.1196",113,"Escherichia coli VREC0775","Good","England",5079586,50.74575,"Human, Homo sapiens",NA,NA,NA,NA,NA,"Susceptible","Resistant",NA,"Susceptible",NA,NA
"562.96596","MLST.ecoli_achtman_4.1196",116,"Escherichia coli VREC0799","Good","England",5079713,50.745663,"Human, Homo sapiens",NA,NA,NA,NA,"Susceptible",NA,"Resistant","Susceptible",NA,"Susceptible",NA
"562.96635","MLST.ecoli_achtman_4.155",117,"Escherichia coli VREC0818","Good","England",4695857,50.739727,"Human, Homo sapiens",NA,NA,NA,NA,"Susceptible","Susceptible","Susceptible",NA,"Susceptible","Susceptible",NA
"562.96644","MLST.ecoli_achtman_4.648",139,"Escherichia coli VREC0849","Good","England",5146663,50.500916,"Human, Homo sapiens",NA,NA,NA,NA,"Susceptible","Susceptible","Resistant",NA,"Susceptible",NA,NA
"562.96651","MLST.ecoli_achtman_4.155",116,"Escherichia coli VREC0846","Good","England",4628922,50.7047,"Human, Homo sapiens",NA,NA,NA,NA,"Susceptible","Susceptible","Susceptible",NA,"Susceptible",NA,NA
"562.96652","MLST.ecoli_achtman_4.155",114,"Escherichia coli VREC0847","Good","England",4630975,50.707012,"Human, Homo sapiens",NA,NA,NA,NA,"Susceptible","Susceptible","Susceptible",NA,"Susceptible",NA,NA
"562.96655","MLST.ecoli_achtman_4.6151",198,"Escherichia coli VREC0840","Good","England",5033483,50.782074,"Human, Homo sapiens",NA,NA,NA,NA,NA,"Susceptible","Resistant","Susceptible",NA,"Susceptible",NA
"562.96665","MLST.ecoli_achtman_4.6151",214,"Escherichia coli VREC0843","Good","England",5056112,50.78082,"Human, Homo sapiens",NA,NA,NA,NA,"Susceptible","Susceptible","Resistant",NA,NA,NA,NA
"562.96690","MLST.ecoli_achtman_4.428",154,"Escherichia coli VRES0859","Good","England",5048429,50.5233,"Human, Homo sapiens",NA,NA,NA,NA,"Resistant","Susceptible","Susceptible",NA,"Susceptible",NA,NA
"562.96714","MLST.ecoli_achtman_4.69",190,"Escherichia coli VRES0873","Good","England",5251865,50.69258,"Human, Homo sapiens",NA,NA,NA,NA,"Susceptible",NA,"Susceptible","Susceptible",NA,NA,NA
"562.96720","MLST.ecoli_achtman_4.69",202,"Escherichia coli VRES0870","Good","England",5235872,50.68468,"Human, Homo sapiens",NA,NA,NA,NA,"Susceptible",NA,"Susceptible",NA,"Susceptible","Intermediate",NA
"562.96729","MLST.ecoli_achtman_4.131",107,"Escherichia coli VREC0866","Good","England",5098427,50.70213,"Human, Homo sapiens",NA,NA,NA,NA,NA,"Susceptible","Resistant","Susceptible",NA,"Susceptible",NA
"562.96733","MLST.ecoli_achtman_4.7095",211,"Escherichia coli VREC0887","Good","England",4990009,50.74011,"Human, Homo sapiens",NA,NA,NA,NA,"Susceptible","Susceptible","Susceptible",NA,"Susceptible","Susceptible",NA
"562.96734","MLST.ecoli_achtman_4.7095",216,"Escherichia coli VREC0864","Good","England",4993241,50.73042,"Human, Homo sapiens",NA,NA,NA,NA,"Susceptible",NA,"Resistant","Susceptible","Susceptible",NA,NA
"562.96735","MLST.ecoli_achtman_4.131",106,"Escherichia coli VREC0884","Good","England",5088561,50.69117,"Human, Homo sapiens",NA,NA,NA,NA,"Susceptible",NA,"Resistant",NA,"Susceptible","Susceptible",NA
"562.96748","MLST.ecoli_achtman_4.388",92,"Escherichia coli VREC0895","Good","England",4769147,50.78904,"Human, Homo sapiens",NA,NA,NA,NA,"Susceptible","Susceptible","Susceptible","Susceptible",NA,NA,NA
"562.96752","MLST.ecoli_achtman_4.10",93,"Escherichia coli VREC0893","Good","England",4714528,50.84142,"Human, Homo sapiens",NA,NA,NA,NA,NA,NA,"Susceptible","Susceptible",NA,"Susceptible",NA
"562.96764","MLST.ecoli_achtman_4.428",142,"Escherichia coli VRES0956","Good","England",5047932,50.51851,"Human, Homo sapiens",NA,NA,NA,NA,NA,"Susceptible","Susceptible",NA,"Susceptible","Susceptible",NA
"562.96766","MLST.ecoli_achtman_4.405",229,"Escherichia coli VREC0914","Good","England",5171620,50.642952,"Human, Homo sapiens",NA,NA,NA,NA,"Susceptible","Susceptible","Susceptible","Susceptible",NA,"Susceptible",NA
"562.96772","MLST.ecoli_achtman_4.428",149,"Escherichia coli VRES0948","Good","England",5047559,50.518715,"Human, Homo sapiens",NA,NA,NA,NA,NA,NA,"Susceptible",NA,"Susceptible","Susceptible",NA
"562.96778","MLST.ecoli_achtman_4.394",124,"Escherichia coli VREC0921","Good","England",5223119,50.444496,"Human, Homo sapiens",NA,NA,NA,NA,NA,"Susceptible","Susceptible","Susceptible","Susceptible","Susceptible",NA
"562.96799","MLST.ecoli_achtman_4.73",113,"Escherichia coli VREC0938","Good","England",5138867,50.44684,"Human, Homo sapiens",NA,NA,NA,NA,"Susceptible","Susceptible","Susceptible",NA,"Susceptible","Resistant",NA
"562.96810","MLST.ecoli_achtman_4.73",111,"Escherichia coli VREC0940","Good","England",5133843,50.44562,"Human, Homo sapiens",NA,NA,NA,NA,NA,NA,"Susceptible","Susceptible",NA,"Resistant",NA
"562.96826","MLST.ecoli_achtman_4.7102",123,"Escherichia coli VREC0962","Good","England",5106641,50.372623,"Human, Homo sapiens",NA,NA,NA,NA,NA,"Susceptible","Susceptible","Susceptible","Susceptible",NA,NA
"562.96827","MLST.ecoli_achtman_4.7102",122,"Escherichia coli VREC0960","Good","England",5107765,50.373676,"Human, Homo sapiens",NA,NA,NA,NA,NA,"Susceptible","Susceptible","Susceptible","Susceptible",NA,NA
"562.96828","MLST.ecoli_achtman_4.38",167,"Escherichia coli VREC0974","Good","England",5204377,50.391144,"Human, Homo sapiens",NA,NA,NA,NA,"Susceptible","Susceptible","Susceptible",NA,"Susceptible",NA,NA
"562.96829","MLST.ecoli_achtman_4.58",88,"Escherichia coli VREC0961","Good","England",4716564,50.735046,"Human, Homo sapiens",NA,NA,NA,NA,NA,"Susceptible","Susceptible","Susceptible",NA,NA,NA
"562.96835","MLST.ecoli_achtman_4.1193",101,"Escherichia coli VREC0955","Good","England",5094694,50.612305,"Human, Homo sapiens",NA,NA,NA,NA,NA,"Susceptible","Resistant",NA,"Susceptible",NA,NA
"562.96843","MLST.ecoli_achtman_4.7094",138,"Escherichia coli VREC0979","Good","England",4874302,50.801468,"Human, Homo sapiens",NA,NA,NA,NA,"Susceptible",NA,"Susceptible",NA,"Susceptible","Susceptible",NA
"562.96844","MLST.ecoli_achtman_4.38",168,"Escherichia coli VREC0977","Good","England",5202323,50.390682,"Human, Homo sapiens",NA,NA,NA,NA,NA,NA,"Susceptible","Susceptible","Susceptible","Susceptible",NA
"562.96858","MLST.ecoli_achtman_4.336",104,"Escherichia coli VREC0989","Good","England",4680588,50.718285,"Human, Homo sapiens",NA,NA,NA,NA,"Susceptible",NA,"Susceptible","Susceptible",NA,"Susceptible",NA
"562.96877","MLST.ecoli_achtman_4.351",101,"Escherichia coli VREC0998","Good","England",5023258,50.51415,"Human, Homo sapiens",NA,NA,NA,NA,"Susceptible",NA,"Susceptible",NA,"Susceptible",NA,NA
"562.96888","MLST.ecoli_achtman_4.7102",124,"Escherichia coli VREC1005","Good","England",5106934,50.37367,"Human, Homo sapiens",NA,NA,NA,NA,"Susceptible","Susceptible","Susceptible","Susceptible","Susceptible",NA,NA
"562.96908","MLST.ecoli_achtman_4.131",177,"Escherichia coli VRES1101","Good","England",5222266,50.766582,"Human, Homo sapiens",NA,NA,NA,NA,"Resistant",NA,"Resistant","Susceptible","Susceptible","Susceptible",NA
"562.96927","MLST.ecoli_achtman_4.141",130,"Escherichia coli VREC1043","Good","England",5110049,50.501453,"Human, Homo sapiens",NA,NA,NA,NA,"Susceptible","Susceptible","Susceptible",NA,"Susceptible",NA,NA
"562.96956","MLST.ecoli_achtman_4.3877",249,"Escherichia coli VREC1070","Good","England",5223375,50.65824,"Human, Homo sapiens",NA,NA,NA,NA,NA,"Susceptible","Susceptible","Susceptible",NA,"Susceptible",NA
"562.96989","MLST.ecoli_achtman_4.517",146,"Escherichia coli VREC1069","Good","England",4808981,50.615047,"Human, Homo sapiens",NA,NA,NA,NA,"Susceptible",NA,"Susceptible",NA,NA,"Susceptible",NA
"562.97002","MLST.ecoli_achtman_4.88",97,"Escherichia coli VREC1112","Good","England",5057364,50.73155,"Human, Homo sapiens",NA,NA,NA,NA,NA,"Susceptible","Susceptible",NA,NA,"Susceptible",NA
"562.97009","MLST.ecoli_achtman_4.131",90,"Escherichia coli VREC1107","Good","England",5123499,50.66559,"Human, Homo sapiens",NA,NA,NA,NA,NA,"Susceptible","Susceptible","Susceptible","Susceptible","Susceptible",NA
"562.97016","MLST.ecoli_achtman_4.131",86,"Escherichia coli VREC1110","Good","England",5143595,50.64209,"Human, Homo sapiens",NA,NA,NA,NA,"Susceptible",NA,"Susceptible",NA,"Susceptible",NA,NA
"562.97019","MLST.ecoli_achtman_4.58",140,"Escherichia coli VREC1122","Good","England",5059910,50.692978,"Human, Homo sapiens",NA,NA,NA,NA,"Resistant",NA,"Susceptible",NA,"Susceptible","Susceptible",NA
"562.97049","MLST.ecoli_achtman_4.2967",186,"Escherichia coli VREC1175","Good","England",4972185,50.78389,"Human, Homo sapiens",NA,NA,NA,NA,"Susceptible","Susceptible","Susceptible",NA,"Susceptible",NA,NA
"562.97056","MLST.ecoli_achtman_4.6150",255,"Escherichia coli VREC1176","Good","England",5153803,50.559925,"Human, Homo sapiens",NA,NA,NA,NA,"Susceptible","Susceptible","Susceptible",NA,NA,NA,NA
"562.97074","MLST.ecoli_achtman_4.131",115,"Escherichia coli VRES1304","Good","England",5224919,50.632153,"Human, Homo sapiens",NA,NA,NA,NA,NA,NA,"Resistant","Resistant","Susceptible",NA,NA
"562.97094","MLST.ecoli_achtman_4.354",180,"Escherichia coli VREC1215","Good","England",5196296,50.403248,"Human, Homo sapiens",NA,NA,NA,NA,"Susceptible","Susceptible","Resistant",NA,NA,"Susceptible",NA
"562.97121","MLST.ecoli_achtman_4.635",191,"Escherichia coli VREC1211","Good","England",4975450,50.56847,"Human, Homo sapiens",NA,NA,NA,NA,NA,"Susceptible","Susceptible","Susceptible","Susceptible",NA,NA
"562.97127","MLST.ecoli_achtman_4.635",190,"Escherichia coli VREC1210","Good","England",4975348,50.568523,"Human, Homo sapiens",NA,NA,NA,NA,NA,NA,"Susceptible","Susceptible","Susceptible",NA,NA
"562.97153","MLST.ecoli_achtman_4.58",125,"Escherichia coli VREC1322","Good","England",4924962,50.850098,"Human, Homo sapiens",NA,NA,NA,NA,"Susceptible",NA,"Susceptible","Susceptible",NA,"Susceptible",NA
"562.97165","MLST.ecoli_achtman_4.443",149,"Escherichia coli VRES1381","Good","England",5157208,50.69373,"Human, Homo sapiens",NA,NA,NA,NA,"Resistant","Intermediate","Resistant",NA,NA,NA,NA
"562.97166","MLST.ecoli_achtman_4.443",146,"Escherichia coli VREC1299","Good","England",5162302,50.695755,"Human, Homo sapiens",NA,NA,NA,NA,"Resistant",NA,"Resistant","Susceptible","Susceptible","Susceptible",NA
"562.97175","MLST.ecoli_achtman_4.443",140,"Escherichia coli VRES1384","Good","England",5162988,50.695934,"Human, Homo sapiens",NA,NA,NA,NA,"Resistant","Intermediate","Resistant",NA,NA,"Susceptible",NA
"562.97179","MLST.ecoli_achtman_4.95",123,"Escherichia coli VREC1314","Good","England",5049447,50.508064,"Human, Homo sapiens",NA,NA,NA,NA,NA,"Susceptible","Susceptible",NA,"Susceptible","Resistant",NA
"562.97190","MLST.ecoli_achtman_4.95",120,"Escherichia coli VREC1316","Good","England",5049972,50.51002,"Human, Homo sapiens",NA,NA,NA,NA,NA,NA,"Susceptible",NA,"Susceptible","Resistant",NA
"562.97219","MLST.ecoli_achtman_4.7095",204,"Escherichia coli VREC1390","Good","England",4956900,50.602997,"Human, Homo sapiens",NA,NA,NA,NA,"Resistant","Resistant","Susceptible","Susceptible",NA,"Susceptible",NA
"562.97228","MLST.ecoli_achtman_4.443",186,"Escherichia coli VRES1432","Good","England",5125473,50.655735,"Human, Homo sapiens",NA,NA,NA,NA,NA,NA,"Resistant","Susceptible",NA,"Susceptible",NA
"562.97234","MLST.ecoli_achtman_4.7094",134,"Escherichia coli VREC1635","Good","England",4992805,50.827282,"Human, Homo sapiens",NA,NA,NA,NA,NA,NA,"Susceptible","Susceptible","Susceptible","Susceptible",NA
"562.97248","MLST.ecoli_achtman_4.2521",95,"Escherichia coli VREC1380","Good","England",4835774,50.73184,"Human, Homo sapiens",NA,NA,NA,NA,"Susceptible","Susceptible","Susceptible",NA,"Susceptible",NA,NA
"562.97256","MLST.ecoli_achtman_4.409",159,"Escherichia coli VREC1394","Good","England",4917713,50.81842,"Human, Homo sapiens",NA,NA,NA,NA,"Susceptible","Susceptible","Susceptible",NA,NA,NA,NA
"562.97262","MLST.ecoli_achtman_4.131",151,"Escherichia coli VREC1405","Good","England",5255819,50.512146,"Human, Homo sapiens",NA,NA,NA,NA,"Susceptible","Susceptible","Susceptible",NA,NA,NA,NA
"562.97282","MLST.ecoli_achtman_4.69",170,"Escherichia coli VREC1417","Good","England",5076370,50.66802,"Human, Homo sapiens",NA,NA,NA,NA,NA,"Susceptible","Susceptible",NA,"Susceptible",NA,NA
"562.97311","MLST.ecoli_achtman_4.59",251,"Escherichia coli VREC1424","Good","England",5051687,50.577282,"Human, Homo sapiens",NA,NA,NA,NA,"Susceptible",NA,"Susceptible",NA,"Susceptible","Susceptible",NA
"562.97314","MLST.ecoli_achtman_4.569",35,"Escherichia coli VREC1418","Good","England",4698750,50.55534,"Human, Homo sapiens",NA,NA,NA,NA,"Susceptible",NA,"Susceptible","Susceptible",NA,"Susceptible",NA
"562.97315","MLST.ecoli_achtman_4.59",255,"Escherichia coli VREC1426","Good","England",5048576,50.57761,"Human, Homo sapiens",NA,NA,NA,NA,"Susceptible","Susceptible","Susceptible","Susceptible","Susceptible",NA,NA
"562.57308","MLST.ecoli_achtman_4.399",229,"Escherichia coli strain 24742_1#263","Good",NA,5298095,50.799957,NA,2017,NA,NA,"Susceptible","Susceptible",NA,"Susceptible",NA,NA,NA,NA
"562.57385","MLST.ecoli_achtman_4.6622",150,"Escherichia coli strain W1_10_ERB1","Good","Thailand",4919249,50.513218,NA,2015,"Canal",NA,NA,NA,"Intermediate","Susceptible",NA,NA,"Susceptible",NA
"562.57389","MLST.ecoli_achtman_4.218",119,"Escherichia coli strain W1_5_ERP10B","Good","Thailand",4781138,50.753105,NA,2015,"Canal",NA,NA,"Resistant",NA,"Susceptible",NA,NA,"Susceptible",NA
"562.57395","MLST.ecoli_achtman_4.5949",219,"Escherichia coli strain W1_7_ERB6","Good","Thailand",5414475,50.559933,NA,2015,"Canal",NA,"Resistant",NA,NA,"Intermediate",NA,NA,"Susceptible",NA
"562.57402","MLST.ecoli_achtman_4.398",126,"Escherichia coli strain W2_11_ERB1","Good","Thailand",4641996,50.72456,NA,2015,"Canal",NA,"Resistant",NA,"Susceptible","Susceptible",NA,NA,"Susceptible",NA
"562.57427","10",324,"Escherichia coli strain W2_5_ERB8","Good","Thailand",5423869,50.279423,NA,2015,"Canal",NA,NA,"Resistant","Susceptible","Resistant","Resistant",NA,"Susceptible",NA
"562.57443","MLST.ecoli_achtman_4.20",304,"Escherichia coli strain F1_8_ERG5","Good","Thailand",5579476,50.236294,NA,2015,"Farm",NA,"Resistant","Resistant","Resistant","Susceptible","Resistant",NA,"Susceptible",NA
"562.57447","MLST.ecoli_achtman_4.457",134,"Escherichia coli strain PB185","Good","Thailand",5145397,50.509357,"Human, Homo sapiens",2015,"Pus","Human","Resistant","Resistant","Intermediate","Resistant",NA,NA,NA,NA
"562.57454","MLST.ecoli_achtman_4.131",147,"Escherichia coli strain PB390","Good","Thailand",5128808,50.55001,"Human, Homo sapiens",2015,"Pus","Human",NA,"Resistant",NA,"Susceptible",NA,NA,"Susceptible",NA
"562.57457","MLST.ecoli_achtman_4.131",212,"Escherichia coli strain PB251","Good","Thailand",5170267,50.5453,"Human, Homo sapiens",2015,"Pus","Human",NA,NA,"Resistant","Resistant","Resistant",NA,"Resistant",NA
"562.57467","MLST.ecoli_achtman_4.442",193,"Escherichia coli strain PB98","Good","Thailand",5313434,50.45976,"Human, Homo sapiens",2015,"Pus","Human","Resistant",NA,"Susceptible","Susceptible",NA,NA,"Susceptible",NA
"562.57468","MLST.ecoli_achtman_4.428",231,"Escherichia coli strain PB29","Good","Thailand",5134078,50.523384,"Human, Homo sapiens",2014,"Sputum","Human","Resistant","Resistant",NA,"Susceptible","Susceptible",NA,"Susceptible",NA
"562.57489","MLST.ecoli_achtman_4.5941",99,"Escherichia coli strain PB317","Good","Thailand",5023682,50.747,"Human, Homo sapiens",2015,"Urine","Human",NA,"Resistant",NA,"Resistant",NA,NA,"Susceptible",NA
"562.58626",NA,270,"Escherichia coli strain PH118","Good","Pakistan",4090023,51.228683,"Human, Homo sapiens",NA,NA,"Human","Resistant",NA,NA,"Resistant",NA,"Susceptible",NA,"Susceptible"
"562.58628","MLST.ecoli_achtman_4.1727",97,"Escherichia coli strain PH135","Good","Pakistan",4660484,50.909584,"Human, Homo sapiens",NA,NA,"Human",NA,NA,"Resistant","Susceptible","Susceptible","Susceptible",NA,"Susceptible"
"562.58646","MLST.ecoli_achtman_4.95",189,"Escherichia coli strain WU43","Good","USA",5036288,50.735466,"Human, Homo sapiens",NA,NA,"Human",NA,NA,"Susceptible","Susceptible",NA,"Susceptible",NA,"Susceptible"
"562.58647","MLST.ecoli_achtman_4.73",146,"Escherichia coli strain WU40","Good","USA",4870252,50.66349,"Human, Homo sapiens",NA,NA,"Human",NA,NA,"Resistant","Susceptible","Susceptible","Susceptible",NA,"Susceptible"
"562.58716","ST-156",242,"Escherichia coli strain 14057877","Good","Italy",5319355,50.469097,"Turkey, Meleagris gallopavo",2014,"Slaughterhouse","Avian",NA,NA,"Resistant","Resistant",NA,"Susceptible",NA,NA
"562.58731","MLST.ecoli_achtman_4.224",105,"Escherichia coli strain 14072934","Good","Italy",5346116,50.606037,"Turkey, Meleagris gallopavo",2014,"Slaughterhouse","Avian","Resistant",NA,"Susceptible","Resistant",NA,NA,NA,NA
"562.58746",NA,97,"Escherichia coli strain 109","Poor","Norway",1680828,50.99344,"Human, Homo sapiens",2006,NA,"Human",NA,NA,NA,"Susceptible","Susceptible",NA,NA,"Resistant"
"562.58752","MLST.ecoli_achtman_4.2144",128,"Escherichia coli strain 107","Good","Norway",4930384,50.761463,"Human, Homo sapiens",2006,NA,"Human",NA,"Resistant","Resistant","Susceptible","Susceptible",NA,NA,"Susceptible"
"562.58757","MLST.ecoli_achtman_4.1326",135,"Escherichia coli strain 114","Good","Norway",4863845,50.8311,"Human, Homo sapiens",2006,NA,"Human","Resistant","Susceptible",NA,"Susceptible","Susceptible",NA,NA,"Resistant"
"562.58772","MLST.ecoli_achtman_4.3998",74,"Escherichia coli strain ENV76","Good","Singapore",4776788,50.701748,NA,2010,"Chicken rice",NA,NA,"Susceptible",NA,"Intermediate","Susceptible","Susceptible",NA,NA
"562.58773","MLST.ecoli_achtman_4.8361",175,"Escherichia coli strain ENV103","Good","Singapore",4727257,50.669743,NA,2010,"Chicken rice",NA,"Resistant",NA,NA,"Intermediate","Susceptible","Susceptible",NA,NA
"562.58780","MLST.ecoli_achtman_4.1611",114,"Escherichia coli strain ENV235","Good","Singapore",4951873,50.797546,NA,2011,"Duck rice",NA,"Resistant",NA,"Susceptible","Susceptible","Susceptible","Susceptible",NA,NA
"562.58785","MLST.ecoli_achtman_4.7210",99,"Escherichia coli strain ENV388","Good","Singapore",5008742,50.86756,NA,2010,"Duck rice",NA,"Resistant","Susceptible",NA,"Susceptible",NA,"Susceptible",NA,"Susceptible"
"562.58788","MLST.ecoli_achtman_4.1146",68,"Escherichia coli strain ENV665","Good","Singapore",4812658,50.7067,NA,2013,"Chicken kebab",NA,NA,NA,"Susceptible","Susceptible","Susceptible","Susceptible","Susceptible",NA
"562.58790","MLST.ecoli_achtman_4.2160",68,"Escherichia coli strain ENV727","Good","Singapore",4791891,50.698963,NA,2013,"Chicken rice",NA,"Susceptible","Susceptible",NA,"Resistant",NA,"Susceptible","Susceptible","Resistant"
"562.65786","MLST.ecoli_achtman_4.90",147,"Escherichia coli strain CFS0347","Good","United Kingdom",4997862,50.757965,"Bos taurus",2007,NA,"Nonhuman Mammal","Resistant","Resistant",NA,"Resistant","Resistant",NA,NA,"Resistant"
"562.65787","MLST.ecoli_achtman_4.10",117,"Escherichia coli strain CFS0354","Good","United Kingdom",4673665,50.352497,"Bos taurus",2007,NA,"Nonhuman Mammal",NA,NA,NA,"Resistant","Susceptible","Susceptible",NA,"Susceptible"
"562.65791","MLST.ecoli_achtman_4.744",173,"Escherichia coli strain CFS0360","Good","United Kingdom",4693519,50.57574,"Bos taurus",2007,NA,"Nonhuman Mammal","Resistant",NA,NA,"Resistant",NA,NA,NA,"Resistant"
"562.65796","MLST.ecoli_achtman_4.410",117,"Escherichia coli strain 123074","Good","Germany",4822617,50.596573,"Bos taurus",NA,"Gut","Nonhuman Mammal",NA,"Resistant","Resistant","Resistant","Resistant",NA,NA,NA
"562.97348","MLST.ecoli_achtman_4.6286",185,"Escherichia coli VREC1467","Good","England",4977239,50.69845,"Human, Homo sapiens",NA,NA,NA,NA,"Susceptible",NA,"Susceptible","Susceptible",NA,NA,NA
"562.97352","MLST.ecoli_achtman_4.6286",188,"Escherichia coli VREC1465","Good","England",4978213,50.696182,"Human, Homo sapiens",NA,NA,NA,NA,NA,"Susceptible","Susceptible",NA,"Susceptible",NA,NA
"562.97365","MLST.ecoli_achtman_4.5430",86,"Escherichia coli VREC1491","Good","England",4930010,50.543854,"Human, Homo sapiens",NA,NA,NA,NA,"Susceptible","Susceptible","Susceptible",NA,NA,"Susceptible",NA
"562.97378","MLST.ecoli_achtman_4.421",153,"Escherichia coli VREC1494","Good","England",5178023,50.582626,"Human, Homo sapiens",NA,NA,NA,NA,"Susceptible","Susceptible","Susceptible",NA,"Susceptible",NA,NA
"562.97380","MLST.ecoli_achtman_4.58",126,"Escherichia coli VREC1488","Good","England",4864938,50.642967,"Human, Homo sapiens",NA,NA,NA,NA,"Susceptible",NA,"Susceptible",NA,"Susceptible","Susceptible",NA
"562.97383","MLST.ecoli_achtman_4.58",116,"Escherichia coli VREC1505","Good","England",4898243,50.59147,"Human, Homo sapiens",NA,NA,NA,NA,NA,"Susceptible","Susceptible",NA,NA,"Susceptible",NA
"562.97402","MLST.ecoli_achtman_4.131",108,"Escherichia coli VREC1519","Good","England",4988358,50.651337,"Human, Homo sapiens",NA,NA,NA,NA,"Susceptible",NA,"Susceptible","Susceptible",NA,NA,NA
"562.97405","MLST.ecoli_achtman_4.131",116,"Escherichia coli VREC1523","Good","England",4991300,50.657944,"Human, Homo sapiens",NA,NA,NA,NA,"Susceptible","Susceptible","Susceptible",NA,NA,"Susceptible",NA
"562.97414","MLST.ecoli_achtman_4.95",211,"Escherichia coli VREC1543","Good","England",5005075,50.62396,"Human, Homo sapiens",NA,NA,NA,NA,"Susceptible",NA,"Susceptible",NA,"Susceptible",NA,NA
"562.97424","MLST.ecoli_achtman_4.69",173,"Escherichia coli VREC1553","Good","England",5392468,50.520893,"Human, Homo sapiens",NA,NA,NA,NA,"Susceptible","Susceptible","Resistant",NA,NA,"Susceptible",NA
"562.97434","MLST.ecoli_achtman_4.69",176,"Escherichia coli VREC1550","Good","England",5432772,50.49345,"Human, Homo sapiens",NA,NA,NA,NA,"Susceptible",NA,"Resistant","Susceptible",NA,NA,NA
"562.97444","MLST.ecoli_achtman_4.10",184,"Escherichia coli VREC1573","Good","England",4962728,50.79702,"Human, Homo sapiens",NA,NA,NA,NA,"Susceptible",NA,"Susceptible",NA,NA,"Susceptible",NA
"562.97449","MLST.ecoli_achtman_4.88",113,"Escherichia coli VREC1587","Good","England",4972310,50.595158,"Human, Homo sapiens",NA,NA,NA,NA,NA,"Susceptible","Susceptible",NA,NA,"Susceptible",NA
"562.97458","MLST.ecoli_achtman_4.3006",162,"Escherichia coli VRES1589","Good","England",5082838,50.490177,"Human, Homo sapiens",NA,NA,NA,NA,NA,"Susceptible","Susceptible","Susceptible",NA,NA,NA
"562.97461","MLST.ecoli_achtman_4.3006",167,"Escherichia coli VRES1588","Good","England",5081653,50.490875,"Human, Homo sapiens",NA,NA,NA,NA,NA,NA,"Susceptible","Susceptible",NA,"Susceptible",NA
"562.97466","MLST.ecoli_achtman_4.131",201,"Escherichia coli VREC1088","Good","England",5412483,50.696583,"Human, Homo sapiens",NA,NA,NA,NA,NA,"Susceptible","Resistant","Resistant","Susceptible","Susceptible",NA
"562.97490","MLST.ecoli_achtman_4.1431",115,"Escherichia coli VREC1641","Good","England",5129319,50.596325,"Human, Homo sapiens",NA,NA,NA,NA,"Susceptible",NA,"Resistant",NA,"Susceptible","Susceptible",NA
"562.97753","MLST.ecoli_achtman_4.162",68,"Escherichia coli 8155e15a-7bb8-11e9-a8d3-68b59976a384","Good","Norway",4930778,50.74118,NA,2002,NA,NA,"Resistant",NA,"Susceptible","Susceptible",NA,NA,NA,"Susceptible"
"562.97770","MLST.ecoli_achtman_4.59",269,"Escherichia coli d55a34a4-7bb8-11e9-a8d3-68b59976a384","Good","Norway",5307345,50.585087,NA,2002,NA,NA,NA,NA,"Susceptible","Susceptible",NA,"Susceptible",NA,"Susceptible"
"562.97786","MLST.ecoli_achtman_4.73",99,"Escherichia coli 8f9ccdcc-7bb9-11e9-a8d3-68b59976a384","Good","Norway",5144829,50.44265,NA,2002,NA,NA,"Susceptible",NA,NA,"Susceptible",NA,NA,NA,"Susceptible"
"562.97820","MLST.ecoli_achtman_4.59",181,"Escherichia coli a62059fc-7bb8-11e9-a8d3-68b59976a384","Good","Norway",5168550,50.538525,NA,2002,NA,NA,"Susceptible",NA,NA,"Susceptible",NA,"Susceptible",NA,NA
"562.97821","MLST.ecoli_achtman_4.58",95,"Escherichia coli 62b642fc-7bb9-11e9-a8d3-68b59976a384","Good","Norway",4902809,50.60444,NA,2002,NA,NA,"Susceptible",NA,"Susceptible","Susceptible",NA,NA,"Susceptible","Susceptible"
"562.97841","MLST.ecoli_achtman_4.69",112,"Escherichia coli 915c854e-7bb9-11e9-a8d3-68b59976a384","Good","Norway",5080380,50.612316,NA,2002,NA,NA,"Resistant",NA,"Susceptible","Susceptible","Susceptible","Susceptible",NA,"Susceptible"
"562.97843","MLST.ecoli_achtman_4.95",114,"Escherichia coli 87744a6c-7bb9-11e9-a8d3-68b59976a384","Good","Norway",5151634,50.356003,NA,2002,NA,NA,"Susceptible",NA,"Susceptible","Susceptible",NA,"Susceptible","Susceptible","Susceptible"
"562.97866","MLST.ecoli_achtman_4.69",104,"Escherichia coli 1a49efd2-7bb9-11e9-a8d3-68b59976a384","Good","Norway",5231212,50.703087,NA,2003,NA,NA,"Resistant",NA,NA,"Susceptible",NA,NA,"Susceptible","Resistant"
"562.97871","MLST.ecoli_achtman_4.95",95,"Escherichia coli ccce4f64-7bb8-11e9-a8d3-68b59976a384","Good","Norway",5044493,50.67643,NA,2003,NA,NA,NA,NA,NA,"Susceptible",NA,NA,"Susceptible","Susceptible"
"562.97879","MLST.ecoli_achtman_4.95",87,"Escherichia coli a226c232-7bb8-11e9-a8d3-68b59976a384","Good","Norway",5123802,50.488525,NA,2003,NA,NA,"Susceptible",NA,NA,"Susceptible","Susceptible","Susceptible",NA,"Susceptible"
"562.97887","MLST.ecoli_achtman_4.73",92,"Escherichia coli 14762526-7bb9-11e9-a8d3-68b59976a384","Good","Norway",5124612,50.445496,NA,2003,NA,NA,NA,NA,"Susceptible","Susceptible","Susceptible","Susceptible","Susceptible","Susceptible"
"562.97922","MLST.ecoli_achtman_4.59",227,"Escherichia coli e639fcfe-7bb9-11e9-a8d3-68b59976a384","Good","Norway",5193706,50.580547,NA,2003,NA,NA,"Susceptible",NA,"Susceptible","Susceptible",NA,"Susceptible","Susceptible","Susceptible"
"562.97928","MLST.ecoli_achtman_4.95",72,"Escherichia coli 4fce22ae-7bb9-11e9-a8d3-68b59976a384","Good","Norway",5124834,50.503372,NA,2003,NA,NA,NA,NA,NA,"Susceptible","Susceptible","Susceptible","Susceptible","Susceptible"
"562.97936","MLST.ecoli_achtman_4.12",118,"Escherichia coli 2edcbd80-7bb9-11e9-a8d3-68b59976a384","Good","Norway",5116104,50.544495,NA,2003,NA,NA,"Resistant",NA,"Susceptible","Susceptible",NA,"Susceptible","Susceptible","Susceptible"
"562.97937","MLST.ecoli_achtman_4.69",94,"Escherichia coli 4e1d395e-7bb9-11e9-a8d3-68b59976a384","Good","Norway",5149204,50.68024,NA,2003,NA,NA,"Susceptible",NA,"Susceptible","Susceptible","Susceptible","Susceptible","Susceptible","Resistant"
"562.97942","MLST.ecoli_achtman_4.10270",45,"Escherichia coli 7d8d0648-7bb8-11e9-a8d3-68b59976a384","Good","Norway",4849341,50.72485,NA,2004,NA,NA,NA,"Susceptible",NA,"Susceptible","Susceptible",NA,NA,"Susceptible"
"562.97943","MLST.ecoli_achtman_4.69",131,"Escherichia coli 818ba790-7bb8-11e9-a8d3-68b59976a384","Good","Norway",5230151,50.69806,NA,2004,NA,NA,NA,NA,NA,"Susceptible","Susceptible","Susceptible","Susceptible",NA
"562.97951","MLST.ecoli_achtman_4.95",133,"Escherichia coli 84184482-7bb8-11e9-a8d3-68b59976a384","Good","Norway",5218981,50.56855,NA,2004,NA,NA,NA,"Susceptible",NA,"Susceptible",NA,NA,"Susceptible","Susceptible"
"562.97958","MLST.ecoli_achtman_4.95",109,"Escherichia coli 29d4620c-7bb9-11e9-a8d3-68b59976a384","Good","Norway",5033741,50.567005,NA,2003,NA,NA,NA,NA,NA,"Susceptible","Susceptible",NA,NA,"Susceptible"
"562.97962","MLST.ecoli_achtman_4.73",106,"Escherichia coli 6466b96a-7bb9-11e9-a8d3-68b59976a384","Good","Norway",5155139,50.490917,NA,2003,NA,NA,NA,NA,NA,"Susceptible",NA,"Susceptible",NA,"Susceptible"
"562.97985","MLST.ecoli_achtman_4.131",80,"Escherichia coli d3d9dcec-7bb8-11e9-a8d3-68b59976a384","Good","Norway",5019244,50.695583,NA,2004,NA,NA,"Resistant","Susceptible",NA,"Susceptible",NA,"Susceptible",NA,NA
"562.98007","MLST.ecoli_achtman_4.127",90,"Escherichia coli 81c6d4a4-7bb9-11e9-a8d3-68b59976a384","Good","Norway",5000730,50.47691,NA,2004,NA,NA,NA,"Susceptible",NA,"Susceptible","Susceptible",NA,NA,"Susceptible"
"562.98021","MLST.ecoli_achtman_4.38",145,"Escherichia coli 8454d658-7bb9-11e9-a8d3-68b59976a384","Good","Norway",5221978,50.567677,NA,2004,NA,NA,"Resistant","Susceptible",NA,"Susceptible","Susceptible","Susceptible","Susceptible","Resistant"
"562.98024","MLST.ecoli_achtman_4.73",128,"Escherichia coli 066d70c4-7bb9-11e9-a8d3-68b59976a384","Good","Norway",5197225,50.391506,NA,2004,NA,NA,NA,NA,NA,"Susceptible","Susceptible","Susceptible","Susceptible","Susceptible"
"562.98025","MLST.ecoli_achtman_4.73",108,"Escherichia coli 892a0914-7bb9-11e9-a8d3-68b59976a384","Good","Norway",5012129,50.513645,NA,2004,NA,NA,NA,NA,"Susceptible","Susceptible",NA,"Susceptible","Susceptible",NA
"562.98039","MLST.ecoli_achtman_4.69",125,"Escherichia coli 483fdab4-7bb9-11e9-a8d3-68b59976a384","Good","Norway",5343166,50.732544,NA,2004,NA,NA,NA,NA,NA,"Susceptible",NA,"Susceptible",NA,"Resistant"
"562.98053","MLST.ecoli_achtman_4.80",107,"Escherichia coli 490d44c2-7bb9-11e9-a8d3-68b59976a384","Good","Norway",5107019,50.312794,NA,2004,NA,NA,NA,"Susceptible",NA,"Susceptible",NA,NA,NA,"Susceptible"
"562.98059","MLST.ecoli_achtman_4.162",82,"Escherichia coli 30f67746-7bb9-11e9-a8d3-68b59976a384","Good","Norway",4842602,50.621815,NA,2004,NA,NA,"Susceptible","Susceptible","Susceptible","Susceptible",NA,NA,NA,NA
"562.98062","MLST.ecoli_achtman_4.95",90,"Escherichia coli 2e46b56a-7bb9-11e9-a8d3-68b59976a384","Good","Norway",5126182,50.59202,NA,2004,NA,NA,NA,"Susceptible",NA,"Susceptible",NA,NA,"Susceptible",NA
"562.98065","MLST.ecoli_achtman_4.73",81,"Escherichia coli 468ca7a6-7bb9-11e9-a8d3-68b59976a384","Good","Norway",5033877,50.537308,NA,2004,NA,NA,"Susceptible",NA,"Susceptible","Susceptible",NA,NA,"Susceptible","Susceptible"
"562.98079","MLST.ecoli_achtman_4.69",102,"Escherichia coli bc53856e-7bb8-11e9-a8d3-68b59976a384","Good","Norway",5247831,50.71581,NA,2005,NA,NA,"Resistant",NA,NA,"Susceptible","Susceptible","Susceptible",NA,"Resistant"
"562.98087","MLST.ecoli_achtman_4.393",80,"Escherichia coli cd0326f8-7bb8-11e9-a8d3-68b59976a384","Good","Norway",5128702,50.587128,NA,2005,NA,NA,NA,"Susceptible","Susceptible","Resistant","Susceptible","Susceptible",NA,"Resistant"
"562.98094","MLST.ecoli_achtman_4.127",84,"Escherichia coli bd85271c-7bb8-11e9-a8d3-68b59976a384","Good","Norway",4906593,50.50478,NA,2005,NA,NA,"Susceptible",NA,NA,"Susceptible",NA,NA,"Susceptible",NA
"562.98102","MLST.ecoli_achtman_4.144",113,"Escherichia coli cfa749b6-7bb8-11e9-a8d3-68b59976a384","Good","Norway",5257893,50.53764,NA,2005,NA,NA,"Resistant",NA,NA,"Susceptible","Susceptible",NA,NA,"Susceptible"
"562.98122","MLST.ecoli_achtman_4.58",81,"Escherichia coli 0ab8e7da-7bb9-11e9-a8d3-68b59976a384","Good","Norway",4697243,50.603874,NA,2005,NA,NA,NA,"Susceptible","Susceptible","Susceptible",NA,NA,NA,"Susceptible"
"562.98123","MLST.ecoli_achtman_4.399",174,"Escherichia coli d66d5114-7bb8-11e9-a8d3-68b59976a384","Good","Norway",4989721,50.755104,NA,2005,NA,NA,"Susceptible","Susceptible","Susceptible","Susceptible",NA,NA,"Susceptible","Susceptible"
"562.98127","MLST.ecoli_achtman_4.12",71,"Escherichia coli bad82744-7bb8-11e9-a8d3-68b59976a384","Good","Norway",5038472,50.47296,NA,2005,NA,NA,"Susceptible","Susceptible",NA,"Susceptible","Susceptible",NA,NA,NA
"562.98144","MLST.ecoli_achtman_4.95",188,"Escherichia coli 99a5fdd0-7bb8-11e9-a8d3-68b59976a384","Good","Norway",5192378,50.564693,NA,2005,NA,NA,NA,NA,NA,"Susceptible","Susceptible",NA,NA,"Susceptible"
"562.98158","MLST.ecoli_achtman_4.131",66,"Escherichia coli 8e0957be-7bb9-11e9-a8d3-68b59976a384","Good","Norway",5162694,50.58514,NA,2005,NA,NA,NA,"Susceptible",NA,"Susceptible",NA,NA,"Susceptible","Susceptible"
"562.98165","MLST.ecoli_achtman_4.73",112,"Escherichia coli bfb59fc6-7bb8-11e9-a8d3-68b59976a384","Good","Norway",4972142,50.48283,NA,2005,NA,NA,"Resistant",NA,"Intermediate","Resistant",NA,"Susceptible",NA,NA
"562.98198","MLST.ecoli_achtman_4.101",60,"Escherichia coli 305ba252-7bb9-11e9-a8d3-68b59976a384","Good","Norway",4699968,50.605324,NA,2005,NA,NA,NA,"Susceptible",NA,"Susceptible",NA,"Susceptible","Susceptible","Susceptible"
"562.98200","MLST.ecoli_achtman_4.69",160,"Escherichia coli 4f2ecf42-7bb9-11e9-a8d3-68b59976a384","Good","Norway",5299004,50.64129,NA,2005,NA,NA,"Resistant",NA,"Susceptible","Susceptible",NA,NA,NA,NA
"562.98211","MLST.ecoli_achtman_4.321",27,"Escherichia coli cd1d0dca-7bb8-11e9-a8d3-68b59976a384","Good","Norway",4890469,50.439926,NA,2006,NA,NA,"Susceptible","Susceptible",NA,"Susceptible",NA,NA,"Susceptible",NA
"562.98219","MLST.ecoli_achtman_4.393",82,"Escherichia coli 71ada43a-7bb9-11e9-a8d3-68b59976a384","Good","Norway",5244212,50.567024,NA,2005,NA,NA,NA,"Susceptible","Susceptible","Resistant",NA,"Susceptible","Resistant",NA
"562.98245","MLST.ecoli_achtman_4.95",125,"Escherichia coli 09f6d06e-7bb9-11e9-a8d3-68b59976a384","Good","Norway",5160883,50.51147,NA,2006,NA,NA,NA,NA,"Susceptible","Susceptible",NA,"Susceptible","Susceptible",NA
"562.98268","MLST.ecoli_achtman_4.127",99,"Escherichia coli 895bba0e-7bb9-11e9-a8d3-68b59976a384","Good","Norway",5113580,50.483418,NA,2006,NA,NA,"Susceptible",NA,NA,"Susceptible","Susceptible","Susceptible",NA,"Susceptible"
"562.98275","MLST.ecoli_achtman_4.537",188,"Escherichia coli 9424ce8a-7bb9-11e9-a8d3-68b59976a384","Good","Norway",5232748,50.27045,NA,2006,NA,NA,NA,"Susceptible","Susceptible","Susceptible",NA,NA,"Susceptible",NA
"562.98285","MLST.ecoli_achtman_4.95",190,"Escherichia coli 870d7d5a-7bb9-11e9-a8d3-68b59976a384","Good","Norway",5264882,50.604553,NA,2006,NA,NA,NA,"Susceptible","Susceptible","Susceptible",NA,NA,"Susceptible","Resistant"
"562.98292","MLST.ecoli_achtman_4.95",208,"Escherichia coli bf02a434-7bb8-11e9-a8d3-68b59976a384","Good","Norway",5170006,50.578453,NA,2006,NA,NA,"Resistant",NA,"Susceptible","Susceptible",NA,"Susceptible",NA,"Resistant"
"562.98298","MLST.ecoli_achtman_4.73",104,"Escherichia coli 52920528-7bb9-11e9-a8d3-68b59976a384","Good","Norway",5012566,50.519653,NA,2006,NA,NA,NA,"Susceptible",NA,"Susceptible",NA,"Susceptible",NA,NA
"562.98304","MLST.ecoli_achtman_4.95",76,"Escherichia coli 5513f248-7bb9-11e9-a8d3-68b59976a384","Good","Norway",5077590,50.4369,NA,2006,NA,NA,"Resistant",NA,NA,"Susceptible",NA,"Susceptible","Susceptible","Resistant"
"562.98306","MLST.ecoli_achtman_4.59",229,"Escherichia coli 501db102-7bb9-11e9-a8d3-68b59976a384","Good","Norway",5107546,50.56765,NA,2006,NA,NA,NA,NA,"Susceptible","Susceptible",NA,"Susceptible",NA,"Susceptible"
"562.98316","MLST.ecoli_achtman_4.73",174,"Escherichia coli 31cea56c-7bb9-11e9-a8d3-68b59976a384","Good","Norway",5213851,50.387745,NA,2006,NA,NA,"Resistant",NA,NA,"Susceptible",NA,"Susceptible","Susceptible","Susceptible"
"562.98317","MLST.ecoli_achtman_4.62",235,"Escherichia coli 4f4ac382-7bb9-11e9-a8d3-68b59976a384","Good","Norway",5209679,50.53841,NA,2006,NA,NA,NA,NA,"Susceptible","Susceptible","Susceptible","Susceptible",NA,"Susceptible"
"562.98320","MLST.ecoli_achtman_4.73",103,"Escherichia coli 68d2082e-7bb9-11e9-a8d3-68b59976a384","Good","Norway",5082804,50.48967,NA,2006,NA,NA,"Susceptible","Susceptible",NA,"Susceptible",NA,NA,NA,"Susceptible"
"562.98321","MLST.ecoli_achtman_4.10231",59,"Escherichia coli 69c05c9a-7bb9-11e9-a8d3-68b59976a384","Good","Norway",5009908,50.577595,NA,2006,NA,NA,"Resistant","Susceptible",NA,"Susceptible",NA,"Susceptible",NA,"Susceptible"
"562.98324","MLST.ecoli_achtman_4.362",194,"Escherichia coli 4792ec64-7bb9-11e9-a8d3-68b59976a384","Good","Norway",5376986,50.494198,NA,2006,NA,NA,"Resistant","Susceptible",NA,"Resistant",NA,NA,"Susceptible",NA
"562.98327","MLST.ecoli_achtman_4.95",70,"Escherichia coli 754212a2-7bb9-11e9-a8d3-68b59976a384","Good","Norway",5082244,50.537952,NA,2006,NA,NA,NA,NA,NA,"Susceptible","Susceptible",NA,NA,"Susceptible"
"562.98329","MLST.ecoli_achtman_4.973",62,"Escherichia coli 71c7c612-7bb9-11e9-a8d3-68b59976a384","Good","Norway",4657984,50.708717,NA,2006,NA,NA,NA,"Susceptible","Susceptible","Susceptible",NA,NA,NA,NA
"562.98334","MLST.ecoli_achtman_4.1236",57,"Escherichia coli 6e07fe02-7bb9-11e9-a8d3-68b59976a384","Good","Norway",4824591,50.668545,NA,2006,NA,NA,NA,"Susceptible","Susceptible","Susceptible","Susceptible","Resistant","Susceptible","Resistant"
"562.98348","MLST.ecoli_achtman_4.10",95,"Escherichia coli 451b6df8-7bb9-11e9-a8d3-68b59976a384","Good","Norway",4623554,50.630123,NA,2007,NA,NA,NA,NA,NA,"Intermediate","Resistant",NA,NA,"Resistant"
"562.98355","MLST.ecoli_achtman_4.95",119,"Escherichia coli db091776-7bb8-11e9-a8d3-68b59976a384","Good","Norway",5156611,50.57851,NA,2007,NA,NA,NA,"Susceptible",NA,"Susceptible","Susceptible","Susceptible","Susceptible","Susceptible"
"562.98361","MLST.ecoli_achtman_4.127",35,"Escherichia coli b542b88a-7bb8-11e9-a8d3-68b59976a384","Good","Norway",4804223,50.54984,NA,2007,NA,NA,"Susceptible",NA,NA,"Susceptible",NA,NA,"Susceptible","Susceptible"
"562.98394","MLST.ecoli_achtman_4.73",136,"Escherichia coli 1046bfe2-7bb9-11e9-a8d3-68b59976a384","Good","Norway",5175117,50.31125,NA,2007,NA,NA,"Susceptible",NA,NA,"Susceptible",NA,NA,NA,"Susceptible"
"562.98403","MLST.ecoli_achtman_4.73",143,"Escherichia coli 96392064-7bb8-11e9-a8d3-68b59976a384","Good","Norway",5130843,50.507217,NA,2007,NA,NA,NA,NA,"Susceptible","Susceptible","Susceptible","Susceptible",NA,"Susceptible"
"562.98412","MLST.ecoli_achtman_4.372",75,"Escherichia coli 972954a2-7bb9-11e9-a8d3-68b59976a384","Good","Norway",4883849,50.406616,NA,2007,NA,NA,NA,NA,"Susceptible","Susceptible",NA,"Susceptible","Susceptible","Resistant"
"562.98416","MLST.ecoli_achtman_4.95",139,"Escherichia coli cd4f35f6-7bb9-11e9-a8d3-68b59976a384","Good","Norway",5167528,50.644814,NA,2007,NA,NA,"Resistant","Susceptible",NA,"Susceptible","Susceptible",NA,NA,"Susceptible"
"562.98420","MLST.ecoli_achtman_4.12",76,"Escherichia coli 4a324d02-7bb9-11e9-a8d3-68b59976a384","Good","Norway",5007637,50.507015,NA,2007,NA,NA,NA,"Susceptible","Susceptible","Susceptible","Susceptible","Susceptible",NA,NA
"562.98437","MLST.ecoli_achtman_4.131",88,"Escherichia coli 69428e5a-7bb9-11e9-a8d3-68b59976a384","Good","Norway",5119992,50.79918,NA,2007,NA,NA,NA,"Susceptible",NA,"Resistant","Resistant","Susceptible",NA,NA
"562.98438","MLST.ecoli_achtman_4.38",187,"Escherichia coli 46dbd2e0-7bb9-11e9-a8d3-68b59976a384","Good","Norway",5321424,50.556713,NA,2007,NA,NA,"Resistant",NA,NA,"Susceptible",NA,NA,"Susceptible","Susceptible"
"562.98452","MLST.ecoli_achtman_4.95",91,"Escherichia coli a0c0b802-7bb9-11e9-a8d3-68b59976a384","Good","Norway",5166375,50.61512,NA,2007,NA,NA,NA,NA,"Susceptible","Susceptible",NA,NA,NA,"Susceptible"
"562.98456","MLST.ecoli_achtman_4.69",126,"Escherichia coli 9aa2a322-7bb9-11e9-a8d3-68b59976a384","Good","Norway",5139098,50.55967,NA,2007,NA,NA,"Resistant","Susceptible",NA,"Susceptible","Susceptible","Susceptible",NA,NA
"562.98461","MLST.ecoli_achtman_4.421",178,"Escherichia coli 63c20758-7bb9-11e9-a8d3-68b59976a384","Good","Norway",5130085,50.490215,NA,2007,NA,NA,NA,"Susceptible",NA,"Susceptible",NA,"Susceptible","Susceptible","Resistant"
"562.98462","MLST.ecoli_achtman_4.141",76,"Escherichia coli 6d39b1d2-7bb9-11e9-a8d3-68b59976a384","Good","Norway",5121938,50.530933,NA,2007,NA,NA,NA,NA,NA,"Susceptible","Susceptible","Susceptible",NA,NA
"562.98466","MLST.ecoli_achtman_4.104",51,"Escherichia coli 6f5eae68-7bb9-11e9-a8d3-68b59976a384","Good","Norway",5022224,50.564552,NA,2007,NA,NA,"Susceptible",NA,NA,"Susceptible","Susceptible",NA,NA,"Susceptible"
"562.98475","MLST.ecoli_achtman_4.129",78,"Escherichia coli 9c8da8da-7bb9-11e9-a8d3-68b59976a384","Good","Norway",4802077,50.733192,NA,2007,NA,NA,NA,NA,NA,"Susceptible",NA,NA,"Susceptible","Susceptible"
"562.98477","MLST.ecoli_achtman_4.144",124,"Escherichia coli 6787fa6e-7bb9-11e9-a8d3-68b59976a384","Good","Norway",5032776,50.583138,NA,2007,NA,NA,"Susceptible",NA,"Susceptible","Susceptible","Susceptible",NA,"Susceptible",NA
"562.98478","MLST.ecoli_achtman_4.101",91,"Escherichia coli 9c6a7856-7bb9-11e9-a8d3-68b59976a384","Good","Norway",4826222,50.597424,NA,2007,NA,NA,NA,"Susceptible",NA,"Susceptible","Susceptible","Susceptible",NA,"Susceptible"
"562.98480","MLST.ecoli_achtman_4.88",169,"Escherichia coli 130205ca-7bb9-11e9-a8d3-68b59976a384","Good","Norway",5166064,50.717995,NA,2008,NA,NA,"Resistant","Susceptible","Susceptible","Susceptible","Susceptible",NA,NA,"Resistant"
"562.98482","MLST.ecoli_achtman_4.95",124,"Escherichia coli d897f106-7bb8-11e9-a8d3-68b59976a384","Good","Norway",5060095,50.57814,NA,2008,NA,NA,"Susceptible",NA,"Susceptible","Susceptible",NA,NA,NA,NA
"562.98530","MLST.ecoli_achtman_4.73",100,"Escherichia coli 18f4b13a-7bb9-11e9-a8d3-68b59976a384","Good","Norway",4996509,50.524418,NA,2008,NA,NA,"Susceptible",NA,NA,"Susceptible",NA,NA,NA,"Susceptible"
"562.98539","MLST.ecoli_achtman_4.141",119,"Escherichia coli 14ca2644-7bb9-11e9-a8d3-68b59976a384","Good","Norway",5301109,50.47742,NA,2008,NA,NA,"Resistant","Susceptible","Susceptible","Susceptible",NA,NA,NA,"Resistant"
"562.98545","MLST.ecoli_achtman_4.131",117,"Escherichia coli a9dcb676-7bb8-11e9-a8d3-68b59976a384","Good","Norway",5194881,50.79608,NA,2008,NA,NA,"Resistant",NA,"Susceptible","Resistant","Resistant",NA,NA,NA
"562.98548","MLST.ecoli_achtman_4.127",167,"Escherichia coli ab6097e2-7bb8-11e9-a8d3-68b59976a384","Good","Norway",5044962,50.360893,NA,2008,NA,NA,"Susceptible",NA,"Susceptible","Susceptible","Susceptible",NA,NA,NA
"562.98574","MLST.ecoli_achtman_4.10",130,"Escherichia coli 381d957c-7bb9-11e9-a8d3-68b59976a384","Good","Norway",4727918,50.705555,NA,2008,NA,NA,"Resistant","Susceptible","Susceptible","Resistant",NA,NA,NA,"Resistant"
"562.98578","MLST.ecoli_achtman_4.117",71,"Escherichia coli 560d0540-7bb9-11e9-a8d3-68b59976a384","Good","Norway",5042805,50.631504,NA,2008,NA,NA,"Susceptible","Susceptible",NA,"Susceptible","Susceptible",NA,"Susceptible","Susceptible"
"562.98581","MLST.ecoli_achtman_4.372",76,"Escherichia coli 2f48884e-7bb9-11e9-a8d3-68b59976a384","Good","Norway",5099522,50.458435,NA,2008,NA,NA,"Susceptible","Susceptible",NA,"Susceptible","Susceptible",NA,NA,"Susceptible"
"562.98616","MLST.ecoli_achtman_4.69",143,"Escherichia coli 9fff3b5a-7bb9-11e9-a8d3-68b59976a384","Good","Norway",5254221,50.558037,NA,2008,NA,NA,NA,NA,NA,"Susceptible","Susceptible",NA,"Susceptible","Resistant"
"562.98636","MLST.ecoli_achtman_4.95",146,"Escherichia coli 66dfdabe-7bb9-11e9-a8d3-68b59976a384","Good","Norway",5126389,50.60336,NA,2008,NA,NA,NA,"Susceptible",NA,"Susceptible","Susceptible",NA,"Susceptible","Susceptible"
"562.98655","MLST.ecoli_achtman_4.73",194,"Escherichia coli 85e386e6-7bb8-11e9-a8d3-68b59976a384","Good","Norway",5226723,50.386677,NA,2009,NA,NA,NA,"Susceptible",NA,"Susceptible","Susceptible",NA,NA,"Resistant"
"562.98660","MLST.ecoli_achtman_4.681",69,"Escherichia coli b0a6c2b2-7bb8-11e9-a8d3-68b59976a384","Good","Norway",4950102,50.583504,NA,2009,NA,NA,NA,"Susceptible",NA,"Susceptible","Susceptible","Susceptible",NA,"Susceptible"
"562.98670","MLST.ecoli_achtman_4.2619",54,"Escherichia coli bcf71968-7bb8-11e9-a8d3-68b59976a384","Good","Norway",4997481,50.601173,NA,2009,NA,NA,NA,NA,NA,"Susceptible",NA,"Susceptible","Susceptible",NA
"562.98680","MLST.ecoli_achtman_4.10",106,"Escherichia coli b6a0f494-7bb8-11e9-a8d3-68b59976a384","Good","Norway",4783087,50.655235,NA,2009,NA,NA,"Susceptible","Susceptible",NA,"Resistant","Susceptible",NA,NA,"Susceptible"
"562.98685","MLST.ecoli_achtman_4.73",106,"Escherichia coli e0c6a02a-7bb8-11e9-a8d3-68b59976a384","Good","Norway",5120156,50.441353,NA,2009,NA,NA,"Susceptible","Susceptible","Susceptible","Susceptible","Susceptible",NA,NA,NA
"562.98694","MLST.ecoli_achtman_4.73",164,"Escherichia coli 15b9e292-7bb9-11e9-a8d3-68b59976a384","Good","Norway",5234897,50.420494,NA,2009,NA,NA,"Resistant",NA,NA,"Susceptible",NA,NA,"Susceptible","Resistant"
"562.98695","MLST.ecoli_achtman_4.12",69,"Escherichia coli bc1f100e-7bb8-11e9-a8d3-68b59976a384","Good","Norway",5055053,50.492805,NA,2009,NA,NA,"Susceptible","Susceptible","Susceptible","Susceptible","Susceptible","Susceptible","Susceptible","Susceptible"
"562.98709","MLST.ecoli_achtman_4.73",77,"Escherichia coli 176054aa-7bb9-11e9-a8d3-68b59976a384","Good","Norway",5081106,50.47604,NA,2009,NA,NA,"Susceptible",NA,NA,"Susceptible","Susceptible","Susceptible",NA,"Susceptible"
"562.98721","MLST.ecoli_achtman_4.681",69,"Escherichia coli a929dd8a-7bb8-11e9-a8d3-68b59976a384","Good","Norway",4846278,50.64361,NA,2009,NA,NA,NA,NA,"Susceptible","Susceptible",NA,NA,"Susceptible",NA
"562.98740","MLST.ecoli_achtman_4.131",89,"Escherichia coli a78280b8-7bb8-11e9-a8d3-68b59976a384","Good","Norway",5012962,50.74102,NA,2009,NA,NA,"Susceptible",NA,NA,"Susceptible",NA,"Susceptible","Susceptible","Susceptible"
"562.98756","MLST.ecoli_achtman_4.73",113,"Escherichia coli 9878269e-7bb9-11e9-a8d3-68b59976a384","Good","Norway",5078281,50.552853,NA,2009,NA,NA,"Susceptible","Susceptible",NA,"Susceptible",NA,"Susceptible",NA,"Susceptible"
"562.98769","MLST.ecoli_achtman_4.95",54,"Escherichia coli 35d1ad9e-7bb9-11e9-a8d3-68b59976a384","Good","Norway",5062121,50.549366,NA,2009,NA,NA,"Susceptible",NA,"Susceptible","Susceptible",NA,"Susceptible",NA,"Susceptible"
"562.98770","MLST.ecoli_achtman_4.95",66,"Escherichia coli 33d93386-7bb9-11e9-a8d3-68b59976a384","Good","Norway",5085242,50.53718,NA,2009,NA,NA,"Susceptible","Susceptible",NA,"Susceptible","Susceptible",NA,NA,"Intermediate"
"562.98772","MLST.ecoli_achtman_4.131",83,"Escherichia coli 34012616-7bb9-11e9-a8d3-68b59976a384","Good","Norway",4942373,50.721687,NA,2009,NA,NA,"Resistant",NA,"Susceptible","Susceptible","Susceptible",NA,"Resistant",NA
"562.98782","MLST.ecoli_achtman_4.131",112,"Escherichia coli bc97685a-7bb9-11e9-a8d3-68b59976a384","Good","Norway",5123148,50.762947,NA,2009,NA,NA,NA,"Susceptible","Susceptible","Resistant","Resistant","Susceptible","Susceptible","Susceptible"
"562.98783","MLST.ecoli_achtman_4.12",147,"Escherichia coli c055162c-7bb9-11e9-a8d3-68b59976a384","Good","Norway",5179401,50.492653,NA,2009,NA,NA,NA,NA,"Susceptible","Susceptible","Susceptible","Susceptible",NA,"Susceptible"
"562.98789","MLST.ecoli_achtman_4.73",181,"Escherichia coli 3843e6fa-7bb9-11e9-a8d3-68b59976a384","Good","Norway",5162276,50.3759,NA,2009,NA,NA,NA,"Susceptible",NA,"Susceptible","Susceptible",NA,"Susceptible","Susceptible"
"562.98793","MLST.ecoli_achtman_4.401",140,"Escherichia coli 73ce23f2-7bb9-11e9-a8d3-68b59976a384","Good","Norway",4897163,50.647774,NA,2009,NA,NA,"Susceptible",NA,NA,"Susceptible",NA,"Susceptible",NA,"Susceptible"
"562.98799","MLST.ecoli_achtman_4.73",99,"Escherichia coli 9d39c0de-7bb9-11e9-a8d3-68b59976a384","Good","Norway",5091254,50.509678,NA,2009,NA,NA,NA,NA,NA,"Susceptible",NA,"Susceptible",NA,"Susceptible"
"562.98805","MLST.ecoli_achtman_4.73",99,"Escherichia coli 74a26dce-7bb9-11e9-a8d3-68b59976a384","Good","Norway",5128557,50.45922,NA,2009,NA,NA,"Resistant","Intermediate",NA,"Susceptible",NA,"Susceptible",NA,"Susceptible"
"562.98808","MLST.ecoli_achtman_4.404",96,"Escherichia coli 7126d7de-7bb9-11e9-a8d3-68b59976a384","Good","Norway",5162582,50.665848,NA,2009,NA,NA,"Resistant",NA,NA,"Susceptible",NA,NA,NA,"Susceptible"
"562.98827","MLST.ecoli_achtman_4.73",146,"Escherichia coli 9c2bc458-7bb9-11e9-a8d3-68b59976a384","Good","Norway",5112053,50.395058,NA,2009,NA,NA,NA,NA,NA,"Susceptible","Susceptible","Susceptible",NA,NA
"562.98846","MLST.ecoli_achtman_4.131",113,"Escherichia coli 83bc6ac2-7bb8-11e9-a8d3-68b59976a384","Good","Norway",4834817,50.662766,NA,2010,NA,NA,"Susceptible",NA,NA,"Susceptible",NA,"Susceptible","Susceptible",NA
"562.98858","MLST.ecoli_achtman_4.73",88,"Escherichia coli b62e20f4-7bb8-11e9-a8d3-68b59976a384","Good","Norway",4950115,50.462082,NA,2010,NA,NA,NA,NA,NA,"Susceptible",NA,"Susceptible","Susceptible","Susceptible"
"562.98859","MLST.ecoli_achtman_4.59",252,"Escherichia coli b6b0bed8-7bb8-11e9-a8d3-68b59976a384","Good","Norway",5442846,50.640053,NA,2010,NA,NA,"Susceptible",NA,"Susceptible","Susceptible",NA,NA,"Susceptible",NA
"562.98895","MLST.ecoli_achtman_4.327",232,"Escherichia coli 1ea9cffc-7bb9-11e9-a8d3-68b59976a384","Good","Norway",5003765,50.50199,NA,2010,NA,NA,NA,NA,NA,"Susceptible","Susceptible","Susceptible",NA,"Susceptible"
"562.98944","MLST.ecoli_achtman_4.73",102,"Escherichia coli 898e8ca4-7bb9-11e9-a8d3-68b59976a384","Good","Norway",5107063,50.535778,NA,2010,NA,NA,NA,"Susceptible","Susceptible","Susceptible",NA,NA,"Susceptible","Susceptible"
"562.98945","MLST.ecoli_achtman_4.127",99,"Escherichia coli a6e1506c-7bb8-11e9-a8d3-68b59976a384","Good","Norway",5150221,50.44708,NA,2010,NA,NA,"Susceptible",NA,"Susceptible","Susceptible","Susceptible","Susceptible",NA,"Susceptible"
"562.98979","MLST.ecoli_achtman_4.7842",133,"Escherichia coli c14b3490-7bb8-11e9-a8d3-68b59976a384","Good","Norway",5229149,50.802433,NA,2010,NA,NA,"Resistant",NA,NA,"Susceptible",NA,NA,NA,"Resistant"
"562.99002","MLST.ecoli_achtman_4.567",66,"Escherichia coli 7ab9fb64-7bb9-11e9-a8d3-68b59976a384","Good","Norway",4904314,50.56605,NA,2010,NA,NA,NA,"Susceptible",NA,"Susceptible",NA,"Susceptible","Susceptible","Susceptible"
"562.99021","MLST.ecoli_achtman_4.345",88,"Escherichia coli 9e9f37ba-7bb9-11e9-a8d3-68b59976a384","Good","Norway",4840849,50.58464,NA,2010,NA,NA,"Resistant","Susceptible",NA,"Susceptible",NA,NA,NA,"Susceptible"
"562.99024","MLST.ecoli_achtman_4.73",144,"Escherichia coli c180afd4-7bb9-11e9-a8d3-68b59976a384","Good","Norway",5055145,50.4795,NA,2010,NA,NA,NA,NA,"Susceptible","Susceptible",NA,NA,NA,"Susceptible"
"562.99041","MLST.ecoli_achtman_4.144",144,"Escherichia coli 86167eb6-7bb8-11e9-a8d3-68b59976a384","Good","Norway",4996452,50.565502,NA,2011,NA,NA,NA,"Susceptible",NA,"Susceptible",NA,"Susceptible","Susceptible","Susceptible"
"562.99045","MLST.ecoli_achtman_4.95",47,"Escherichia coli 86b37ebe-7bb8-11e9-a8d3-68b59976a384","Good","Norway",5038350,50.650608,NA,2011,NA,NA,"Susceptible",NA,NA,"Susceptible",NA,NA,"Susceptible","Susceptible"
"562.99052","MLST.ecoli_achtman_4.95",82,"Escherichia coli c5ca15ae-7bb8-11e9-a8d3-68b59976a384","Good","Norway",5308443,50.60755,NA,2011,NA,NA,NA,NA,"Susceptible","Susceptible",NA,"Susceptible","Susceptible","Resistant"
"562.99055","MLST.ecoli_achtman_4.1727",85,"Escherichia coli ca02a028-7bb8-11e9-a8d3-68b59976a384","Good","Norway",4917118,50.753532,NA,2011,NA,NA,NA,"Susceptible","Susceptible","Susceptible","Susceptible","Susceptible",NA,"Susceptible"
"562.99056","MLST.ecoli_achtman_4.357",45,"Escherichia coli cc21136c-7bb8-11e9-a8d3-68b59976a384","Good","Norway",5064343,50.397495,NA,2011,NA,NA,"Susceptible","Susceptible","Susceptible","Susceptible",NA,"Susceptible",NA,NA
"562.99084","MLST.ecoli_achtman_4.131",87,"Escherichia coli e3713a88-7bb8-11e9-a8d3-68b59976a384","Good","Norway",5108591,50.74732,NA,2011,NA,NA,NA,"Resistant","Resistant","Resistant",NA,"Susceptible",NA,"Resistant"
"562.99090","MLST.ecoli_achtman_4.73",91,"Escherichia coli 3ccfefac-7bb9-11e9-a8d3-68b59976a384","Good","Norway",4968301,50.502937,NA,2011,NA,NA,NA,NA,NA,"Susceptible",NA,"Susceptible",NA,"Susceptible"
"562.99110","MLST.ecoli_achtman_4.73",111,"Escherichia coli e77cfa9a-7bb8-11e9-a8d3-68b59976a384","Good","Norway",5161652,50.45592,NA,2011,NA,NA,NA,"Susceptible",NA,"Susceptible",NA,"Susceptible","Susceptible","Susceptible"
"562.99117","MLST.ecoli_achtman_4.8915",185,"Escherichia coli e811ba0e-7bb8-11e9-a8d3-68b59976a384","Good","Norway",5269133,50.346577,NA,2011,NA,NA,NA,NA,NA,"Susceptible","Susceptible",NA,"Susceptible","Susceptible"
"562.99122","MLST.ecoli_achtman_4.43",94,"Escherichia coli e2dccf7e-7bb8-11e9-a8d3-68b59976a384","Good","Norway",4757293,50.63903,NA,2011,NA,NA,"Resistant","Resistant",NA,"Resistant","Resistant","Susceptible",NA,"Resistant"
"562.99138","MLST.ecoli_achtman_4.14",134,"Escherichia coli 952569ca-7bb9-11e9-a8d3-68b59976a384","Good","Norway",5187351,50.447983,NA,2011,NA,NA,NA,NA,"Susceptible","Susceptible","Susceptible","Susceptible",NA,"Resistant"
"562.99153","MLST.ecoli_achtman_4.59",226,"Escherichia coli 875a62e6-7bb9-11e9-a8d3-68b59976a384","Good","Norway",5128200,50.560257,NA,2011,NA,NA,NA,NA,NA,"Susceptible","Susceptible",NA,"Susceptible",NA
"562.99159","MLST.ecoli_achtman_4.131",96,"Escherichia coli df74617a-7bb9-11e9-a8d3-68b59976a384","Good","Norway",5108346,50.630066,NA,2011,NA,NA,NA,NA,NA,"Susceptible",NA,"Susceptible",NA,"Susceptible"
"562.99168","MLST.ecoli_achtman_4.91",68,"Escherichia coli d745275a-7bb9-11e9-a8d3-68b59976a384","Good","Norway",4879595,50.59688,NA,2011,NA,NA,NA,NA,"Susceptible","Susceptible",NA,"Susceptible","Susceptible","Susceptible"
"562.99173","MLST.ecoli_achtman_4.131",98,"Escherichia coli d863035a-7bb9-11e9-a8d3-68b59976a384","Good","Norway",4911918,50.717194,NA,2011,NA,NA,NA,"Susceptible",NA,"Susceptible","Susceptible",NA,"Susceptible",NA
"562.99182","MLST.ecoli_achtman_4.62",184,"Escherichia coli db39c1f4-7bb9-11e9-a8d3-68b59976a384","Good","Norway",5163698,50.471657,NA,2011,NA,NA,NA,"Susceptible",NA,"Susceptible",NA,"Susceptible","Susceptible","Resistant"
"562.99187","MLST.ecoli_achtman_4.95",79,"Escherichia coli cf678960-7bb9-11e9-a8d3-68b59976a384","Good","Norway",5088889,50.52702,NA,2011,NA,NA,NA,"Susceptible",NA,"Susceptible","Susceptible","Susceptible",NA,NA
"562.99191","MLST.ecoli_achtman_4.5644",74,"Escherichia coli db568cb2-7bb9-11e9-a8d3-68b59976a384","Good","Norway",4749687,50.646896,NA,2011,NA,NA,"Susceptible",NA,NA,"Susceptible","Susceptible","Susceptible","Susceptible","Susceptible"
"562.99199","MLST.ecoli_achtman_4.59",186,"Escherichia coli d3e6de0a-7bb9-11e9-a8d3-68b59976a384","Good","Norway",5221192,50.6221,NA,2011,NA,NA,NA,"Susceptible",NA,"Susceptible",NA,NA,"Susceptible","Resistant"
"562.99209","MLST.ecoli_achtman_4.648",119,"Escherichia coli 5820de6a-7bb9-11e9-a8d3-68b59976a384","Good","Norway",5302577,50.4556,NA,2011,NA,NA,"Resistant",NA,"Susceptible","Resistant",NA,"Susceptible","Susceptible",NA
"562.99212","MLST.ecoli_achtman_4.5539",67,"Escherichia coli 59056ec2-7bb9-11e9-a8d3-68b59976a384","Good","Norway",4707259,50.811947,NA,2011,NA,NA,NA,NA,"Susceptible","Susceptible",NA,"Susceptible",NA,NA
"562.99219","MLST.ecoli_achtman_4.73",101,"Escherichia coli 3ba81dfc-7bb9-11e9-a8d3-68b59976a384","Good","Norway",5020522,50.56313,NA,2011,NA,NA,"Resistant","Susceptible",NA,"Susceptible","Susceptible",NA,"Susceptible","Susceptible"
"562.99221","MLST.ecoli_achtman_4.73",80,"Escherichia coli 59faed3e-7bb9-11e9-a8d3-68b59976a384","Good","Norway",5047168,50.503925,NA,2011,NA,NA,NA,"Susceptible",NA,"Susceptible",NA,NA,"Susceptible","Susceptible"
"562.99225","MLST.ecoli_achtman_4.95",106,"Escherichia coli 79f208d4-7bb9-11e9-a8d3-68b59976a384","Good","Norway",5021413,50.543583,NA,2011,NA,NA,NA,NA,NA,"Susceptible",NA,NA,"Susceptible","Susceptible"
"562.99227","MLST.ecoli_achtman_4.1629",77,"Escherichia coli 7762b3d4-7bb9-11e9-a8d3-68b59976a384","Good","Norway",4836859,50.69757,NA,2011,NA,NA,"Susceptible","Susceptible",NA,"Susceptible",NA,NA,"Susceptible",NA
"562.99229","MLST.ecoli_achtman_4.69",140,"Escherichia coli a41ad4e2-7bb9-11e9-a8d3-68b59976a384","Good","Norway",5348750,50.591187,NA,2011,NA,NA,NA,"Susceptible",NA,"Susceptible","Susceptible","Susceptible","Susceptible","Resistant"
"562.99236","MLST.ecoli_achtman_4.155",75,"Escherichia coli a1d56350-7bb9-11e9-a8d3-68b59976a384","Good","Norway",4954019,50.67665,NA,2011,NA,NA,"Susceptible","Susceptible","Susceptible","Susceptible",NA,"Susceptible","Susceptible",NA
"562.99250","MLST.ecoli_achtman_4.297",74,"Escherichia coli a44eb0a0-7bb9-11e9-a8d3-68b59976a384","Good","Norway",4852733,50.723972,NA,2011,NA,NA,NA,"Susceptible",NA,"Intermediate","Susceptible",NA,NA,"Susceptible"
"562.99260","MLST.ecoli_achtman_4.144",260,"Escherichia coli 8de27cda-7bb8-11e9-a8d3-68b59976a384","Good","Norway",5132517,50.54631,NA,2012,NA,NA,NA,"Susceptible",NA,"Susceptible","Intermediate","Susceptible",NA,"Susceptible"
"562.99264","MLST.ecoli_achtman_4.69",131,"Escherichia coli c717ca50-7bb8-11e9-a8d3-68b59976a384","Good","Norway",5241122,50.653847,NA,2012,NA,NA,NA,NA,NA,"Susceptible","Susceptible",NA,NA,"Resistant"
"562.99272","MLST.ecoli_achtman_4.131",122,"Escherichia coli 86d69ba6-7bb8-11e9-a8d3-68b59976a384","Good","Norway",5140011,50.805416,NA,2012,NA,NA,"Resistant","Resistant",NA,"Resistant","Intermediate","Susceptible",NA,"Resistant"
"562.99281","MLST.ecoli_achtman_4.10",128,"Escherichia coli c61b386c-7bb8-11e9-a8d3-68b59976a384","Good","Norway",4671720,50.89023,NA,2012,NA,NA,NA,"Susceptible",NA,"Susceptible",NA,NA,NA,"Susceptible"
"562.99285","MLST.ecoli_achtman_4.131",92,"Escherichia coli c8b6e5d0-7bb8-11e9-a8d3-68b59976a384","Good","Norway",4964151,50.726135,NA,2012,NA,NA,NA,"Susceptible",NA,"Susceptible",NA,NA,NA,"Susceptible"
"562.99322","MLST.ecoli_achtman_4.73",148,"Escherichia coli e516934c-7bb8-11e9-a8d3-68b59976a384","Good","Norway",5196755,50.53165,NA,2012,NA,NA,NA,NA,NA,"Susceptible","Resistant","Susceptible",NA,"Resistant"
"562.99348","MLST.ecoli_achtman_4.131",81,"Escherichia coli a55131ee-7bb9-11e9-a8d3-68b59976a384","Good","Norway",5118110,50.798088,NA,2012,NA,NA,"Resistant",NA,"Susceptible","Susceptible",NA,"Susceptible",NA,"Resistant"
"562.99354","MLST.ecoli_achtman_4.69",185,"Escherichia coli 9397783c-7bb9-11e9-a8d3-68b59976a384","Good","Norway",5306540,50.685043,NA,2012,NA,NA,"Resistant","Susceptible",NA,"Susceptible",NA,NA,"Susceptible",NA
"562.99388","MLST.ecoli_achtman_4.372",207,"Escherichia coli e14b07ba-7bb9-11e9-a8d3-68b59976a384","Good","Norway",5288688,50.416775,NA,2012,NA,NA,NA,NA,NA,"Susceptible",NA,"Susceptible","Susceptible",NA
"562.99400","MLST.ecoli_achtman_4.1193",85,"Escherichia coli a7b8e26a-7bb9-11e9-a8d3-68b59976a384","Good","Norway",5052539,50.622627,NA,2012,NA,NA,"Resistant",NA,NA,"Resistant","Susceptible",NA,"Susceptible","Intermediate"
"562.99411","MLST.ecoli_achtman_4.73",135,"Escherichia coli cf9ed76c-7bb9-11e9-a8d3-68b59976a384","Good","Norway",4960800,50.481453,NA,2012,NA,NA,NA,NA,"Susceptible","Susceptible","Intermediate",NA,NA,"Susceptible"
"562.99412","MLST.ecoli_achtman_4.95",115,"Escherichia coli 4536ef60-7bb9-11e9-a8d3-68b59976a384","Good","Norway",5056967,50.436558,NA,2012,NA,NA,NA,NA,NA,"Susceptible","Intermediate","Susceptible",NA,NA
"562.99418","MLST.ecoli_achtman_4.131",155,"Escherichia coli d994a882-7bb9-11e9-a8d3-68b59976a384","Good","Norway",5379997,50.672443,NA,2012,NA,NA,"Susceptible","Susceptible","Susceptible","Susceptible","Susceptible",NA,"Susceptible",NA
"562.99441","MLST.ecoli_achtman_4.127",100,"Escherichia coli 4cfcc814-7bb9-11e9-a8d3-68b59976a384","Good","Norway",4990980,50.429073,NA,2012,NA,NA,NA,"Susceptible","Susceptible","Susceptible",NA,"Susceptible","Susceptible",NA
"562.99445","MLST.ecoli_achtman_4.126",125,"Escherichia coli 4db2b674-7bb9-11e9-a8d3-68b59976a384","Good","Norway",5399764,50.29127,NA,2012,NA,NA,"Susceptible","Susceptible","Susceptible","Susceptible","Intermediate","Susceptible",NA,"Susceptible"
"562.99451","MLST.ecoli_achtman_4.405",131,"Escherichia coli 51083cc2-7bb9-11e9-a8d3-68b59976a384","Good","Norway",5159166,50.63989,NA,2012,NA,NA,"Resistant",NA,"Resistant","Resistant","Resistant","Susceptible",NA,"Resistant"
"562.99452","MLST.ecoli_achtman_4.2015",65,"Escherichia coli 4e8ede88-7bb9-11e9-a8d3-68b59976a384","Good","Norway",4904626,50.59672,NA,2012,NA,NA,NA,NA,NA,"Susceptible",NA,"Susceptible","Susceptible","Susceptible"
"562.99456","MLST.ecoli_achtman_4.73",110,"Escherichia coli 46f57cb8-7bb9-11e9-a8d3-68b59976a384","Good","Norway",5176924,50.57604,NA,2012,NA,NA,NA,"Susceptible",NA,"Susceptible",NA,NA,NA,"Susceptible"
"562.99463","MLST.ecoli_achtman_4.58",101,"Escherichia coli 777d75fc-7bb9-11e9-a8d3-68b59976a384","Good","Norway",4982885,50.62148,NA,2012,NA,NA,"Resistant","Intermediate",NA,"Susceptible","Susceptible","Susceptible",NA,NA
"562.99478","MLST.ecoli_achtman_4.59",233,"Escherichia coli 8c80ab96-7bb8-11e9-a8d3-68b59976a384","Good","Norway",5211688,50.59447,NA,2013,NA,NA,"Susceptible",NA,NA,"Susceptible","Susceptible","Susceptible","Susceptible","Susceptible"
"562.99484","MLST.ecoli_achtman_4.80",150,"Escherichia coli 8919c398-7bb8-11e9-a8d3-68b59976a384","Good","Norway",5084200,50.332737,NA,2013,NA,NA,NA,"Susceptible",NA,"Susceptible",NA,"Susceptible","Susceptible","Susceptible"
"562.99486","MLST.ecoli_achtman_4.538",40,"Escherichia coli 8b8b5e20-7bb8-11e9-a8d3-68b59976a384","Good","Norway",4803422,50.5524,NA,2013,NA,NA,NA,NA,NA,"Susceptible","Susceptible",NA,NA,"Susceptible"
"562.99502","MLST.ecoli_achtman_4.95",78,"Escherichia coli a3b1617e-7bb9-11e9-a8d3-68b59976a384","Good","Norway",5176846,50.487537,NA,2012,NA,NA,NA,NA,"Susceptible","Susceptible","Susceptible",NA,"Susceptible","Susceptible"
"562.99513","MLST.ecoli_achtman_4.73",194,"Escherichia coli 8f08e6f8-7bb8-11e9-a8d3-68b59976a384","Good","Norway",5224047,50.42181,NA,2013,NA,NA,NA,"Susceptible","Susceptible","Susceptible","Susceptible",NA,"Intermediate","Resistant"
"562.99518","MLST.ecoli_achtman_4.69",121,"Escherichia coli d1a263c2-7bb8-11e9-a8d3-68b59976a384","Good","Norway",5297831,50.631588,NA,2013,NA,NA,"Susceptible",NA,"Susceptible","Susceptible","Susceptible",NA,NA,"Susceptible"
"562.99527","MLST.ecoli_achtman_4.131",108,"Escherichia coli cb9b5466-7bb8-11e9-a8d3-68b59976a384","Good","Norway",4998234,50.754448,NA,2013,NA,NA,"Resistant",NA,NA,"Susceptible","Susceptible","Susceptible","Susceptible","Resistant"
"562.99528","MLST.ecoli_achtman_4.1324",81,"Escherichia coli d3589a42-7bb8-11e9-a8d3-68b59976a384","Good","Norway",4774480,50.72148,NA,2013,NA,NA,NA,"Susceptible",NA,"Susceptible",NA,"Susceptible",NA,NA
"562.99533","MLST.ecoli_achtman_4.550",154,"Escherichia coli 3e41abaa-7bb9-11e9-a8d3-68b59976a384","Good","Norway",5156318,50.631786,NA,2013,NA,NA,"Susceptible","Susceptible","Susceptible","Susceptible",NA,"Susceptible","Susceptible","Susceptible"
"562.99539","MLST.ecoli_achtman_4.59",203,"Escherichia coli 40a39d5e-7bb9-11e9-a8d3-68b59976a384","Good","Norway",5208569,50.549835,NA,2013,NA,NA,NA,"Susceptible",NA,"Susceptible","Susceptible",NA,"Susceptible","Susceptible"
"562.99550","MLST.ecoli_achtman_4.58",140,"Escherichia coli 3d003d38-7bb9-11e9-a8d3-68b59976a384","Good","Norway",5118278,50.69795,NA,2013,NA,NA,NA,"Susceptible",NA,"Susceptible","Susceptible","Susceptible","Susceptible","Resistant"
"562.99556","MLST.ecoli_achtman_4.95",89,"Escherichia coli 1e0b65b0-7bb9-11e9-a8d3-68b59976a384","Good","Norway",5063967,50.531982,NA,2013,NA,NA,NA,"Susceptible",NA,"Susceptible",NA,"Susceptible","Susceptible","Resistant"
"562.99558","MLST.ecoli_achtman_4.69",146,"Escherichia coli e3de954c-7bb8-11e9-a8d3-68b59976a384","Good","Norway",5255520,50.702938,NA,2013,NA,NA,"Resistant",NA,NA,"Susceptible","Susceptible","Susceptible",NA,"Susceptible"
"562.99560","MLST.ecoli_achtman_4.131",89,"Escherichia coli e33037cc-7bb8-11e9-a8d3-68b59976a384","Good","Norway",4885139,50.73487,NA,2013,NA,NA,"Resistant","Susceptible","Susceptible","Susceptible","Susceptible",NA,NA,NA
"562.99564","MLST.ecoli_achtman_4.95",172,"Escherichia coli 9136d2fa-7bb8-11e9-a8d3-68b59976a384","Good","Norway",5192946,50.538925,NA,2013,NA,NA,NA,"Susceptible","Susceptible","Susceptible",NA,"Susceptible",NA,"Susceptible"
"562.99576","MLST.ecoli_achtman_4.999",31,"Escherichia coli e69a0f82-7bb8-11e9-a8d3-68b59976a384","Good","Norway",4721971,50.612,NA,2013,NA,NA,NA,NA,NA,"Susceptible",NA,"Susceptible",NA,"Susceptible"
"562.99586","MLST.ecoli_achtman_4.117",109,"Escherichia coli e890f120-7bb8-11e9-a8d3-68b59976a384","Good","Norway",5006442,50.75944,NA,2013,NA,NA,NA,NA,NA,"Susceptible",NA,"Susceptible",NA,"Susceptible"
"562.99588","MLST.ecoli_achtman_4.28",76,"Escherichia coli a7eb3698-7bb9-11e9-a8d3-68b59976a384","Good","Norway",4955174,50.550575,NA,2013,NA,NA,NA,"Susceptible","Susceptible","Susceptible",NA,"Susceptible",NA,"Susceptible"
"562.99601","MLST.ecoli_achtman_4.69",156,"Escherichia coli 93ce6946-7bb9-11e9-a8d3-68b59976a384","Good","Norway",5301988,50.723106,NA,2013,NA,NA,NA,NA,"Susceptible","Intermediate","Resistant",NA,NA,"Resistant"
"562.99607","MLST.ecoli_achtman_4.95",98,"Escherichia coli b48361f0-7bb9-11e9-a8d3-68b59976a384","Good","Norway",5188878,50.520267,NA,2013,NA,NA,"Susceptible","Susceptible","Susceptible","Susceptible","Susceptible",NA,NA,"Susceptible"
"562.99610","MLST.ecoli_achtman_4.14",145,"Escherichia coli 94b3f498-7bb9-11e9-a8d3-68b59976a384","Good","Norway",5180494,50.51391,NA,2013,NA,NA,"Resistant","Susceptible","Susceptible","Susceptible",NA,NA,NA,NA
"562.99631","MLST.ecoli_achtman_4.2003",154,"Escherichia coli ae7f0d04-7bb9-11e9-a8d3-68b59976a384","Good","Norway",5336667,50.48449,NA,2013,NA,NA,"Resistant",NA,"Resistant","Resistant",NA,NA,"Susceptible",NA
"562.99632","MLST.ecoli_achtman_4.648",128,"Escherichia coli 8e8e4866-7bb9-11e9-a8d3-68b59976a384","Good","Norway",5264953,50.470383,NA,2013,NA,NA,"Resistant","Resistant","Susceptible","Resistant",NA,NA,NA,"Resistant"
"562.99645","MLST.ecoli_achtman_4.131",91,"Escherichia coli a74cc210-7bb9-11e9-a8d3-68b59976a384","Good","Norway",5144293,50.690582,NA,2013,NA,NA,NA,"Susceptible","Susceptible","Resistant","Susceptible","Susceptible","Susceptible","Resistant"
"562.99646","MLST.ecoli_achtman_4.155",128,"Escherichia coli b1f0c162-7bb9-11e9-a8d3-68b59976a384","Good","Norway",4857772,50.64305,NA,2013,NA,NA,"Resistant",NA,NA,"Resistant",NA,"Susceptible",NA,"Resistant"
"562.99649","MLST.ecoli_achtman_4.73",123,"Escherichia coli dfc407d4-7bb9-11e9-a8d3-68b59976a384","Good","Norway",5071567,50.58523,NA,2013,NA,NA,"Susceptible",NA,NA,"Susceptible","Susceptible","Susceptible","Susceptible","Susceptible"
"562.99658","MLST.ecoli_achtman_4.108",96,"Escherichia coli e25460d4-7bb9-11e9-a8d3-68b59976a384","Good","Norway",5020459,50.409336,NA,2013,NA,NA,"Susceptible","Susceptible","Susceptible","Susceptible",NA,"Susceptible",NA,"Susceptible"
"562.99665","MLST.ecoli_achtman_4.10",69,"Escherichia coli d15ece2c-7bb9-11e9-a8d3-68b59976a384","Good","Norway",4688463,50.62162,NA,2013,NA,NA,NA,NA,NA,"Susceptible",NA,"Susceptible","Susceptible","Susceptible"
"562.99675","MLST.ecoli_achtman_4.95",107,"Escherichia coli df00debc-7bb9-11e9-a8d3-68b59976a384","Good","Norway",5060491,50.57221,NA,2013,NA,NA,"Susceptible","Susceptible",NA,"Susceptible",NA,NA,NA,NA
"562.99685","MLST.ecoli_achtman_4.1333",131,"Escherichia coli 4d177cae-7bb9-11e9-a8d3-68b59976a384","Good","Norway",4949733,50.700874,NA,2013,NA,NA,NA,NA,NA,"Susceptible",NA,"Susceptible","Susceptible","Susceptible"
"562.99688","MLST.ecoli_achtman_4.95",65,"Escherichia coli 4c390a8c-7bb9-11e9-a8d3-68b59976a384","Good","Norway",5071888,50.509514,NA,2013,NA,NA,"Susceptible",NA,NA,"Susceptible",NA,"Susceptible",NA,NA
"562.99694","MLST.ecoli_achtman_4.73",121,"Escherichia coli 3b2299ca-7bb9-11e9-a8d3-68b59976a384","Good","Norway",5079520,50.475044,NA,2013,NA,NA,NA,"Susceptible",NA,"Susceptible",NA,"Susceptible","Susceptible","Susceptible"
"562.99715","MLST.ecoli_achtman_4.131",95,"Escherichia coli a49d3b1c-7bb9-11e9-a8d3-68b59976a384","Good","Norway",5046536,50.750534,NA,2013,NA,NA,"Resistant",NA,NA,"Resistant",NA,"Susceptible","Susceptible","Susceptible"
"562.99718","MLST.ecoli_achtman_4.1011",81,"Escherichia coli 715d8b94-7bb9-11e9-a8d3-68b59976a384","Good","Norway",5122745,50.542862,NA,2013,NA,NA,"Resistant",NA,NA,"Resistant",NA,NA,NA,"Resistant"
"562.99724","MLST.ecoli_achtman_4.38",146,"Escherichia coli 72356da2-7bb9-11e9-a8d3-68b59976a384","Good","Norway",5377958,50.473133,NA,2013,NA,NA,"Resistant","Resistant","Resistant","Susceptible",NA,"Susceptible","Susceptible","Resistant"
"562.99726","MLST.ecoli_achtman_4.648",111,"Escherichia coli 5b2964ce-7bb9-11e9-a8d3-68b59976a384","Good","Norway",5299321,50.457558,NA,2013,NA,NA,NA,"Susceptible",NA,"Resistant",NA,NA,NA,"Susceptible"
"562.99748","MLST.ecoli_achtman_4.73",66,"Escherichia coli 8afadcb0-7bb8-11e9-a8d3-68b59976a384","Good","Norway",4963968,50.611324,NA,2014,NA,NA,NA,NA,NA,"Susceptible","Susceptible",NA,"Susceptible",NA
"562.99783","MLST.ecoli_achtman_4.73",178,"Escherichia coli c8d2e410-7bb8-11e9-a8d3-68b59976a384","Good","Norway",5199113,50.373093,NA,2014,NA,NA,"Resistant",NA,NA,"Susceptible",NA,NA,NA,"Resistant"
"562.99814","MLST.ecoli_achtman_4.73",79,"Escherichia coli 3d20ad52-7bb9-11e9-a8d3-68b59976a384","Good","Norway",5055520,50.548805,NA,2014,NA,NA,"Susceptible","Susceptible","Susceptible","Susceptible",NA,NA,NA,"Susceptible"
"562.99816","MLST.ecoli_achtman_4.83",93,"Escherichia coli 7b2de15a-7bb9-11e9-a8d3-68b59976a384","Good","Norway",5157303,50.50409,NA,2014,NA,NA,NA,"Susceptible",NA,"Susceptible",NA,"Susceptible","Susceptible","Susceptible"
"562.99820","MLST.ecoli_achtman_4.2015",57,"Escherichia coli 803924b6-7bb9-11e9-a8d3-68b59976a384","Good","Norway",4947486,50.679375,NA,2014,NA,NA,NA,"Susceptible",NA,"Susceptible",NA,NA,"Susceptible","Susceptible"
"562.99822","MLST.ecoli_achtman_4.428",56,"Escherichia coli 7bee83ce-7bb9-11e9-a8d3-68b59976a384","Good","Norway",4753871,50.47581,NA,2014,NA,NA,"Susceptible","Susceptible","Susceptible","Susceptible",NA,"Susceptible","Susceptible","Susceptible"
"562.99825","MLST.ecoli_achtman_4.1193",89,"Escherichia coli 92eafa40-7bb8-11e9-a8d3-68b59976a384","Good","Norway",5175668,50.59123,NA,2014,NA,NA,"Resistant",NA,NA,"Resistant",NA,NA,"Susceptible","Susceptible"
"562.99829","MLST.ecoli_achtman_4.131",83,"Escherichia coli f5692264-7bb8-11e9-a8d3-68b59976a384","Good","Norway",4893376,50.762867,NA,2014,NA,NA,NA,NA,NA,"Susceptible",NA,NA,"Susceptible","Susceptible"
"562.99832","MLST.ecoli_achtman_4.95",86,"Escherichia coli eb859cf0-7bb8-11e9-a8d3-68b59976a384","Good","Norway",5105520,50.56492,NA,2014,NA,NA,NA,NA,"Susceptible","Susceptible",NA,"Susceptible","Susceptible","Susceptible"
"562.99846","MLST.ecoli_achtman_4.1642",39,"Escherichia coli ed681138-7bb8-11e9-a8d3-68b59976a384","Good","Norway",4848109,50.67609,NA,2014,NA,NA,NA,"Susceptible","Susceptible","Susceptible","Susceptible",NA,"Susceptible","Susceptible"
"562.99855","MLST.ecoli_achtman_4.136",66,"Escherichia coli ee4d65bc-7bb8-11e9-a8d3-68b59976a384","Good","Norway",4832599,50.76701,NA,2014,NA,NA,NA,"Susceptible","Susceptible","Susceptible","Susceptible","Susceptible","Susceptible",NA
"562.99856","MLST.ecoli_achtman_4.95",122,"Escherichia coli f8c4c710-7bb8-11e9-a8d3-68b59976a384","Good","Norway",5203783,50.566578,NA,2014,NA,NA,"Resistant",NA,NA,"Intermediate","Susceptible",NA,NA,"Susceptible"
"562.99870","MLST.ecoli_achtman_4.73",123,"Escherichia coli f2064534-7bb8-11e9-a8d3-68b59976a384","Good","Norway",5189112,50.5198,NA,2014,NA,NA,"Resistant","Susceptible",NA,"Susceptible","Resistant","Susceptible",NA,"Susceptible"
"562.99874","MLST.ecoli_achtman_4.352",82,"Escherichia coli e8d0fe46-7bb8-11e9-a8d3-68b59976a384","Good","Norway",5012849,50.519295,NA,2014,NA,NA,"Susceptible",NA,NA,"Susceptible","Susceptible",NA,NA,"Susceptible"
"562.99880","MLST.ecoli_achtman_4.73",103,"Escherichia coli f473fa6e-7bb8-11e9-a8d3-68b59976a384","Good","Norway",5095742,50.45762,NA,2014,NA,NA,"Susceptible",NA,"Susceptible","Susceptible",NA,"Susceptible",NA,"Susceptible"
"562.99885","MLST.ecoli_achtman_4.4566",73,"Escherichia coli ead508c2-7bb8-11e9-a8d3-68b59976a384","Good","Norway",4940431,50.824917,NA,2014,NA,NA,NA,NA,NA,"Resistant",NA,NA,"Susceptible","Susceptible"
"562.99899","MLST.ecoli_achtman_4.73",203,"Escherichia coli ac401b8c-7bb9-11e9-a8d3-68b59976a384","Good","Norway",5238072,50.44421,NA,2014,NA,NA,NA,NA,"Susceptible","Susceptible",NA,"Susceptible",NA,"Resistant"
"562.99907","MLST.ecoli_achtman_4.69",118,"Escherichia coli b123c676-7bb9-11e9-a8d3-68b59976a384","Good","Norway",5134916,50.737324,NA,2014,NA,NA,NA,"Susceptible",NA,"Susceptible",NA,"Susceptible",NA,"Susceptible"
"562.99911","MLST.ecoli_achtman_4.95",88,"Escherichia coli cb59f448-7bb9-11e9-a8d3-68b59976a384","Good","Norway",4975245,50.542072,NA,2014,NA,NA,NA,NA,"Susceptible","Susceptible","Susceptible","Susceptible",NA,"Resistant"
"562.99916","MLST.ecoli_achtman_4.95",64,"Escherichia coli c3292b82-7bb8-11e9-a8d3-68b59976a384","Good","Norway",5137284,50.578575,NA,2014,NA,NA,NA,NA,NA,"Susceptible",NA,"Susceptible",NA,"Susceptible"
"562.99940","MLST.ecoli_achtman_4.12",140,"Escherichia coli 6ba5570e-7bb9-11e9-a8d3-68b59976a384","Good","Norway",5205410,50.54785,NA,2014,NA,NA,"Resistant","Susceptible","Susceptible","Susceptible",NA,NA,NA,"Resistant"
"562.99945","MLST.ecoli_achtman_4.131",137,"Escherichia coli 6321cd10-7bb9-11e9-a8d3-68b59976a384","Good","Norway",5297597,50.66561,NA,2014,NA,NA,NA,NA,"Susceptible","Resistant","Susceptible","Susceptible","Intermediate","Resistant"
"562.99954","MLST.ecoli_achtman_4.127",119,"Escherichia coli 63fa8998-7bb9-11e9-a8d3-68b59976a384","Good","Norway",4986603,50.435135,NA,2014,NA,NA,NA,"Susceptible",NA,"Susceptible",NA,"Susceptible",NA,NA
"562.99966","MLST.ecoli_achtman_4.136",57,"Escherichia coli 676d5f2e-7bb9-11e9-a8d3-68b59976a384","Good","Norway",4886045,50.78107,NA,2014,NA,NA,NA,NA,NA,"Susceptible",NA,"Susceptible","Susceptible","Susceptible"
"562.99967","MLST.ecoli_achtman_4.95",68,"Escherichia coli 675293d8-7bb9-11e9-a8d3-68b59976a384","Good","Norway",5042632,50.550686,NA,2014,NA,NA,NA,NA,NA,"Susceptible","Susceptible","Susceptible","Susceptible",NA
"562.99979","MLST.ecoli_achtman_4.57",172,"Escherichia coli c4069df4-7bb9-11e9-a8d3-68b59976a384","Good","Norway",5442381,50.43842,NA,2014,NA,NA,"Resistant",NA,"Susceptible","Susceptible","Susceptible",NA,"Susceptible","Resistant"
"562.99981","MLST.ecoli_achtman_4.405",178,"Escherichia coli c4ef77b8-7bb9-11e9-a8d3-68b59976a384","Good","Norway",5370621,50.44435,NA,2014,NA,NA,NA,NA,"Susceptible","Susceptible","Susceptible",NA,"Susceptible",NA
"562.99988","MLST.ecoli_achtman_4.73",137,"Escherichia coli c7558ede-7bb9-11e9-a8d3-68b59976a384","Good","Norway",5249961,50.282375,NA,2014,NA,NA,NA,"Susceptible","Susceptible","Susceptible",NA,NA,"Susceptible","Susceptible"
"562.99990","MLST.ecoli_achtman_4.218",89,"Escherichia coli c7f8f86c-7bb9-11e9-a8d3-68b59976a384","Good","Norway",4742011,50.61867,NA,2014,NA,NA,NA,NA,NA,"Susceptible","Susceptible",NA,"Susceptible","Susceptible"
